Name;DOB;Age;V/D;TS;TR;Adversary;Country;Ranking;Table;Weapon;Sex;Category;City;Type;Date
VOLPI Alice;1992-04-15;26;D;14;15;UENO Yuka;JPN;48;;F;F;S;(Katowice);A;2019-01-11
VOLPI Alice;1992-04-15;22;V;5;2;ABE Hiromi;JPN;82;;F;F;S;(Séoul);GP;2014-04-26
VOLPI Alice;1992-04-15;19;V;5;3;ABE Natsuho;JPN;250;;F;F;J;(Lyon);A;2012-02-04
VOLPI Alice;1992-04-15;18;D;4;5;ABE Natsuho;JPN;165;;F;F;J;(Lyon);A;2011-02-05
VOLPI Alice;1992-04-15;18;D;2;5;AKCHULPANOVA Daria;RUS;72;;F;F;J;(Bratislava);A;2010-11-21
VOLPI Alice;1992-04-15;23;V;15;11;ALBOROVA Yana;RUS;56;;F;F;S;(Baku);NF;2015-06-24
VOLPI Alice;1992-04-15;22;V;5;3;ALBOROVA Yana;RUS;56;;F;F;S;(Gdansk);A;2015-01-16
VOLPI Alice;1992-04-15;20;V;5;3;ALBOROVA Yana;RUS;247;;F;F;S;(St-Petersbourg);A;2012-06-03
VOLPI Alice;1992-04-15;19;D;14;15;ALBOROVA Yana;RUS;34;;F;F;J;(Zagreb);A;2012-01-21
VOLPI Alice;1992-04-15;19;V;15;10;ALBOROVA Yana;RUS;34;;F;F;J;(Bochum);A;2011-12-03
VOLPI Alice;1992-04-15;18;V;5;3;ALEXEEVA Viktoria;RUS;51;;F;F;J;(Waldkirch);A;2010-12-04
VOLPI Alice;1992-04-15;19;V;5;2;ALPATOV Avigail;ISR;173;;F;F;J;(Porec);CHZ;2012-03-01
VOLPI Alice;1992-04-15;18;V;5;4;ALPATOV Avigail;ISR;248;;F;F;J;Morte);CHM;2011-04-01
VOLPI Alice;1992-04-15;17;V;5;0;ANDERSSON Rebecka;SWE;211;;F;F;J;(Budapest);A;2010-01-05
VOLPI Alice;1992-04-15;15;V;5;1;ANDREI Andreea;ROU;16;;F;F;J;(Waldkirch);A;2008-01-27
VOLPI Alice;1992-04-15;15;V;5;0;ANUSZEWSKA Justyna;POL;88;;F;F;J;(Budapest);A;2008-01-04
VOLPI Alice;1992-04-15;16;V;5;4;ARNAUDOV Theresa;GER;84;;F;F;J;(Waldkirch);A;2009-01-25
VOLPI Alice;1992-04-15;20;V;5;1;ASANO Saki;JPN;247;;F;F;S;(Turin);A;2013-03-22
VOLPI Alice;1992-04-15;26;V;15;8;AZUMA Rio;JPN;148;;F;F;S;(Shanghai);GP;2018-05-18
VOLPI Alice;1992-04-15;16;V;4;1;BAILEY Victoria;FRA;15;;F;F;J;Sabbiadoro);A;2008-12-05
VOLPI Alice;1992-04-15;15;V;15;9;BAILEY Victoria;FRA;71;;F;F;J;(Bratislava);A;2007-10-13
VOLPI Alice;1992-04-15;19;V;15;6;BALOGH Reka;ROU;83;;F;F;J;(Luxembourg);A;2011-11-05
VOLPI Alice;1992-04-15;19;V;5;4;BARTKOWSKI Maria;GER;159;;F;F;S;(St-Petersbourg);A;2011-06-05
VOLPI Alice;1992-04-15;18;V;5;1;BARTL Thekla;GER;187;;F;F;J;(Waldkirch);A;2010-12-04
VOLPI Alice;1992-04-15;26;D;11;15;BATINI Martina;ITA;63;;F;F;S;(Alger);A;2018-11-23
VOLPI Alice;1992-04-15;23;V;15;13;BATINI Martina;ITA;9;;F;F;S;(Cancun);A;2015-10-16
VOLPI Alice;1992-04-15;22;V;15;13;BATINI Martina;ITA;15;;F;F;S;(St-Maur);A;2014-11-07
VOLPI Alice;1992-04-15;16;V;15;1;BATINI Martina;ITA;3;;F;F;J;(Belfast);CHM;2009-04-08
VOLPI Alice;1992-04-15;16;D;10;15;BATINI Martina;ITA;3;;F;F;J;(Budapest);A;2009-01-03
VOLPI Alice;1992-04-15;16;V;15;8;BATINI Martina;ITA;3;;F;F;J;Sabbiadoro);A;2008-12-05
VOLPI Alice;1992-04-15;16;V;5;0;BECK Rachel;USA;283;;F;F;J;Sabbiadoro);A;2008-12-05
VOLPI Alice;1992-04-15;26;V;15;6;BEHR Leandra;GER;129;;F;F;S;(Alger);A;2018-11-23
VOLPI Alice;1992-04-15;23;V;5;1;BEHR Leandra;GER;314;;F;F;S;(Tauberbischofsheim);A;2015-05-01
VOLPI Alice;1992-04-15;19;V;5;2;BEHR Leandra;GER;67;;F;F;J;(Bochum);A;2011-12-03
VOLPI Alice;1992-04-15;16;V;5;4;BEHR Kristin;GER;111;;F;F;J;(Bochum);A;2008-12-13
VOLPI Alice;1992-04-15;16;V;5;2;BENSON Carolyn;GBR;259;;F;F;J;(Waldkirch);A;2009-01-25
VOLPI Alice;1992-04-15;15;V;5;4;BERGERETTI Solene;FRA;278;;F;F;J;(Bratislava);A;2007-10-13
VOLPI Alice;1992-04-15;19;V;15;9;BERTILLE Sarah;FRA;56;;F;F;J;(Luxembourg);A;2011-11-05
VOLPI Alice;1992-04-15;18;V;5;2;BIAGIOTTI Matilde;ITA;176;;F;F;J;(Leszno);A;2010-12-18
VOLPI Alice;1992-04-15;16;V;15;6;BIAGIOTTI Mabel;ITA;214;;F;F;J;Sabbiadoro);A;2008-12-05
VOLPI Alice;1992-04-15;24;V;5;1;BIMOVA Andrea;CZE;240;;F;F;S;(TORUN);CHZ;2016-06-21
VOLPI Alice;1992-04-15;19;V;5;1;BIMOVA Andrea;CZE;76;;F;F;J;(Bochum);A;2011-12-03
VOLPI Alice;1992-04-15;18;V;5;2;BIMOVA Andrea;CZE;52;;F;F;J;(Budapest);A;2011-02-19
VOLPI Alice;1992-04-15;17;V;5;2;BIMOVA Andrea;CZE;66;;F;F;J;(Budapest);A;2010-01-05
VOLPI Alice;1992-04-15;17;V;5;3;BIMOVA Andrea;CZE;66;;F;F;J;(Odense);CHZ;2009-10-31
VOLPI Alice;1992-04-15;16;V;5;1;BIMOVA Andrea;CZE;72;;F;F;J;(Belfast);CHM;2009-04-08
VOLPI Alice;1992-04-15;16;V;5;3;BIMOVA Andrea;CZE;72;;F;F;J;(Budapest);A;2009-01-03
VOLPI Alice;1992-04-15;14;V;5;2;BIMOVA Andrea;CZE;224;;F;F;J;(Waldkirch);A;2007-01-28
VOLPI Alice;1992-04-15;25;V;15;10;BINDER Sylvie;USA;153;;F;F;S;(Cancun);A;2017-10-13
VOLPI Alice;1992-04-15;18;D;2;5;BINET Regina;HUN;32;;F;F;J;(Zagreb);A;2011-01-22
VOLPI Alice;1992-04-15;18;D;4;5;BINET Regina;HUN;32;;F;F;J;(Bratislava);A;2010-11-21
VOLPI Alice;1992-04-15;17;D;1;5;BINET Regina;HUN;43;;F;F;J;Sabbiadoro);A;2009-12-04
VOLPI Alice;1992-04-15;17;V;5;3;BINET Regina;HUN;43;;F;F;J;(Bratislava);A;2009-10-11
VOLPI Alice;1992-04-15;19;V;5;2;BINGENHEIMER Sandra;GER;70;;F;F;S;(Séoul);GP;2011-05-21
VOLPI Alice;1992-04-15;19;D;1;5;BINGENHEIMER Sandra;GER;70;;F;F;S;(Shanghai);A;2011-05-06
VOLPI Alice;1992-04-15;19;V;5;4;BIRO Fanni;HUN;41;;F;F;J;(Moscow);CHM;2012-04-03
VOLPI Alice;1992-04-15;18;V;15;10;BIRO Fanni;HUN;46;;F;F;J;(Bratislava);A;2010-11-21
VOLPI Alice;1992-04-15;17;V;5;2;BIRO Fanni;HUN;21;;F;F;J;(Odense);CHZ;2009-10-31
VOLPI Alice;1992-04-15;22;D;9;15;BIRYUKOVA Yulia;RUS;14;;F;F;S;(Turin);GP;2014-11-28
VOLPI Alice;1992-04-15;20;D;10;15;BIRYUKOVA Yulia;RUS;29;;F;F;S;(St-Petersbourg);A;2012-06-03
VOLPI Alice;1992-04-15;20;V;5;3;BIRYUKOVA Yulia;RUS;29;;F;F;S;(Shanghai);A;2012-05-04
VOLPI Alice;1992-04-15;23;V;5;2;BITTEROVA Kitti;SVK;237;;F;F;S;(Cancun);A;2015-10-16
VOLPI Alice;1992-04-15;19;V;15;5;BITTEROVA Kitti;SVK;70;;F;F;J;(Porec);CHZ;2012-03-01
VOLPI Alice;1992-04-15;26;V;15;6;BLAZE Anita;FRA;51;;F;F;S;Sad);CHZ;2018-06-17
VOLPI Alice;1992-04-15;22;V;15;14;BLAZE Anita;FRA;20;;F;F;S;Havane);GP;2015-03-13
VOLPI Alice;1992-04-15;22;D;10;15;BLAZE Anita;FRA;54;;F;F;S;(Séoul);GP;2014-04-26
VOLPI Alice;1992-04-15;20;V;15;12;BLAZE Anita;FRA;71;;F;F;S;(Shanghai);A;2012-05-04
VOLPI Alice;1992-04-15;17;D;11;15;BLAZE Anita;FRA;7;;F;F;J;(Baku);CHM;2010-04-06
VOLPI Alice;1992-04-15;17;V;15;5;BLAZE Anita;FRA;7;;F;F;J;Sabbiadoro);A;2009-12-04
VOLPI Alice;1992-04-15;23;V;5;1;BLOW Iman;USA;210;;F;F;S;(Cancun);A;2015-10-16
VOLPI Alice;1992-04-15;26;V;15;8;BORELLA Claudia;ITA;69;;F;F;S;(Tauberbischofsheim);A;2018-04-27
VOLPI Alice;1992-04-15;26;V;15;7;BOUBAKRI Ines;TUN;4;;F;F;S;(Wuxi);CHM;2018-07-20
VOLPI Alice;1992-04-15;25;V;15;13;BOUBAKRI Ines;TUN;15;;F;F;S;(Leipzig);CHM;2017-07-19
VOLPI Alice;1992-04-15;21;D;9;15;BOUBAKRI Ines;TUN;5;;F;F;S;(Tauberbischofsheim);A;2014-03-14
VOLPI Alice;1992-04-15;16;V;15;9;BOURDAKOU Anna;GRE;38;;F;F;J;(Budapest);A;2009-01-03
VOLPI Alice;1992-04-15;19;V;5;0;BRAUN Anna Sophie;GER;113;;F;F;J;(Luxembourg);A;2011-11-05
VOLPI Alice;1992-04-15;15;V;5;4;BRES Aleksandra;POL;86;;F;F;J;(Waldkirch);A;2008-01-27
VOLPI Alice;1992-04-15;16;V;5;3;BROSSA BONET Anna;ESP;213;;F;F;J;(Budapest);A;2009-01-03
VOLPI Alice;1992-04-15;22;V;5;0;BROT Coralie;FRA;273;;F;F;S;(Marseille);GP;2014-05-23
VOLPI Alice;1992-04-15;18;V;5;1;BROT Coralie;FRA;235;;F;F;J;(Lyon);A;2011-02-05
VOLPI Alice;1992-04-15;22;V;5;3;BULCAO Ana Beatriz;BRA;96;;F;F;S;(Cancun);A;2014-10-17
VOLPI Alice;1992-04-15;19;D;13;15;CALISSI Olga Rachele;ITA;4;;F;F;J;(Lyon);A;2012-02-04
VOLPI Alice;1992-04-15;19;V;15;12;CALISSI Olga Rachele;ITA;4;;F;F;J;(Luxembourg);A;2011-11-05
VOLPI Alice;1992-04-15;18;V;15;9;CALISSI Olga Rachele;ITA;4;;F;F;J;(Belgrade);A;2011-03-06
VOLPI Alice;1992-04-15;18;D;12;14;CALISSI Olga Rachele;ITA;4;;F;F;J;(Budapest);A;2011-02-19
VOLPI Alice;1992-04-15;18;D;4;15;CALISSI Olga Rachele;ITA;4;;F;F;J;(Bratislava);A;2010-11-21
VOLPI Alice;1992-04-15;17;V;15;8;CALISSI Olga Rachele;ITA;3;;F;F;J;Sabbiadoro);A;2009-12-04
VOLPI Alice;1992-04-15;17;V;15;9;CALISSI Olga Rachele;ITA;3;;F;F;J;(Leszno);A;2009-11-28
VOLPI Alice;1992-04-15;17;D;12;15;CALISSI Olga Rachele;ITA;3;;F;F;J;(Bratislava);A;2009-10-11
VOLPI Alice;1992-04-15;15;V;5;3;CALISSI Olga Rachele;ITA;32;;F;F;J;Sabbiadoro);A;2007-12-07
VOLPI Alice;1992-04-15;18;V;5;0;CALUGAREANU Malina;ROU;156;;F;F;J;(Belgrade);A;2011-03-06
VOLPI Alice;1992-04-15;17;D;10;15;CAMMILLETTI Marta;ITA;73;;F;F;S;(Leipzig);A;2010-02-20
VOLPI Alice;1992-04-15;14;V;5;2;CAPARROS-JANTO Abigail;USA;146;;F;F;J;(Bochum);A;2006-12-16
VOLPI Alice;1992-04-15;19;V;15;12;CARACCIOLO Claudia;ITA;174;;F;F;S;(Shanghai);A;2011-05-06
VOLPI Alice;1992-04-15;14;V;15;13;CARACCIOLO Claudia;ITA;40;;F;F;J;(Jesi);A;2006-11-25
VOLPI Alice;1992-04-15;26;V;15;4;CATANTAN Samantha Kyle;PHI;122;;F;F;S;(Wuxi);CHM;2018-07-20
VOLPI Alice;1992-04-15;23;V;5;0;CECCHINI Gabriela;BRA;82;;F;F;S;(Turin);GP;2015-11-27
VOLPI Alice;1992-04-15;20;V;5;3;CELLEROVA Michala;SVK;252;;F;F;S;(Budapest);A;2013-02-08
VOLPI Alice;1992-04-15;19;V;5;4;CELLEROVA Michala;SVK;211;;F;F;S;(Tauberbischofsheim);A;2012-02-10
VOLPI Alice;1992-04-15;17;V;15;14;CELLEROVA Michala;SVK;20;;F;F;J;(Lyon);A;2010-02-07
VOLPI Alice;1992-04-15;17;V;15;13;CELLEROVA Michala;SVK;20;;F;F;J;(Bratislava);A;2009-10-11
VOLPI Alice;1992-04-15;17;V;5;2;CHARLEBOIS-DUPUIS Laurence;CAN;162;;F;F;J;(Budapest);A;2010-01-05
VOLPI Alice;1992-04-15;21;V;15;9;CHEN Xiaoxia;CHN;55;;F;F;S;(Séoul);GP;2013-04-27
VOLPI Alice;1992-04-15;19;D;3;5;CHEN Xiaoxia;CHN;252;;F;F;S;(Shanghai);A;2011-05-06
VOLPI Alice;1992-04-15;26;V;15;2;CHENTSOVA Kateryna;UKR;52;;F;F;S;(Wuxi);CHM;2018-07-20
VOLPI Alice;1992-04-15;26;D;2;5;CHENTSOVA Kateryna;UKR;52;;F;F;S;Sad);CHZ;2018-06-17
VOLPI Alice;1992-04-15;20;V;5;1;CHENTSOVA Kateryna;UKR;60;;F;F;S;(Budapest);A;2013-02-08
VOLPI Alice;1992-04-15;23;V;5;2;CHEUNG Kimberley Vanessa;HKG;87;;F;F;S;(Tauberbischofsheim);A;2015-05-01
VOLPI Alice;1992-04-15;20;V;5;2;CHEUNG Kimberley Vanessa;HKG;79;;F;F;S;(Budapest);A;2013-02-08
VOLPI Alice;1992-04-15;25;V;15;7;CHRZANOWSKA Marika;POL;94;;F;F;S;(Alger);A;2018-02-02
VOLPI Alice;1992-04-15;24;V;15;9;CHRZANOWSKA Marika;POL;95;;F;F;S;(Alger);A;2017-01-13
VOLPI Alice;1992-04-15;23;V;15;12;CHRZANOWSKA Marika;POL;100;;F;F;S;(Cancun);A;2015-10-16
VOLPI Alice;1992-04-15;24;V;15;6;CHRZANOWSKA Julia;POL;93;;F;F;S;(Alger);A;2017-01-13
VOLPI Alice;1992-04-15;19;V;15;7;CHRZANOWSKA Julia;POL;106;;F;F;J;(Bochum);A;2011-12-03
VOLPI Alice;1992-04-15;17;V;5;1;CIESIELSKA Marta;POL;139;;F;F;J;(Bratislava);A;2009-10-11
VOLPI Alice;1992-04-15;25;V;15;3;CINI Chiara;ITA;19;;F;F;S;(Alger);A;2018-02-02
VOLPI Alice;1992-04-15;24;D;13;15;CINI Chiara;ITA;44;;F;F;S;(Tauberbischofsheim);A;2016-05-20
VOLPI Alice;1992-04-15;21;V;15;8;CINI Chiara;ITA;60;;F;F;S;(St-Petersbourg);A;2014-02-26
VOLPI Alice;1992-04-15;14;V;15;6;CINI Chiara;ITA;95;;F;F;J;(Jesi);A;2006-11-25
VOLPI Alice;1992-04-15;25;V;15;6;CIPRESSA Erica;ITA;40;;F;F;S;(Alger);A;2018-02-02
VOLPI Alice;1992-04-15;25;V;15;6;CIPRESSA Erica;ITA;40;;F;F;S;(Turin);GP;2017-12-01
VOLPI Alice;1992-04-15;19;D;14;15;CIPRESSA Erica;ITA;54;;F;F;J;(Bratislava);A;2011-11-19
VOLPI Alice;1992-04-15;24;V;15;10;CIPRIANI Valentina;ITA;37;;F;F;S;California);GP;2017-03-17
VOLPI Alice;1992-04-15;21;V;15;11;CIPRIANI Valentina;ITA;37;;F;F;S;(Tauberbischofsheim);A;2014-03-14
VOLPI Alice;1992-04-15;21;D;12;15;CIPRIANI Valentina;ITA;37;;F;F;S;(Budapest);A;2014-02-07
VOLPI Alice;1992-04-15;19;D;4;15;CIPRIANI Valentina;ITA;53;;F;F;S;(St-Petersbourg);A;2011-06-05
VOLPI Alice;1992-04-15;21;V;5;2;CIVIERO Ambre;SUI;111;;F;F;S;(Marseille);GP;2013-05-24
VOLPI Alice;1992-04-15;22;V;5;2;COMERFORD Shannon;CAN;70;;F;F;S;(Séoul);GP;2014-04-26
VOLPI Alice;1992-04-15;17;V;5;0;CONSTANT Ingrid;FRA;130;;F;F;S;(Leipzig);A;2010-02-20
VOLPI Alice;1992-04-15;15;V;5;0;COOKE Alicia Ann;GBR;167;;F;F;J;(Bratislava);A;2007-10-13
VOLPI Alice;1992-04-15;18;V;5;3;CROSS Emily;USA;83;;F;F;S;(Turin);A;2011-03-11
VOLPI Alice;1992-04-15;14;V;5;3;CUTEANU Bianca Lidia;ROU;315;;F;F;J;(Budapest);A;2007-01-05
VOLPI Alice;1992-04-15;14;D;0;0;CVEKIC Romina;SRB;376;;F;F;J;(Budapest);A;2007-01-05
VOLPI Alice;1992-04-15;19;V;5;3;CZEGLEDY Edina;HUN;240;;F;F;S;(St-Petersbourg);A;2011-06-05
VOLPI Alice;1992-04-15;25;V;15;9;DAI Huili;CHN;199;;F;F;S;(Shanghai);GP;2017-05-19
VOLPI Alice;1992-04-15;19;V;5;4;DAI Huili;CHN;65;;F;F;S;(St-Petersbourg);A;2011-06-05
VOLPI Alice;1992-04-15;19;V;5;0;DAI Huili;CHN;65;;F;F;S;(Séoul);GP;2011-05-21
VOLPI Alice;1992-04-15;16;D;4;5;DAI Huili;CHN;49;;F;F;S;(Turin);A;2009-03-21
VOLPI Alice;1992-04-15;23;V;5;4;DAJCIC Marcela;CRO;418;;F;F;S;(Turin);GP;2015-11-27
VOLPI Alice;1992-04-15;23;V;5;0;DAJCIC Marcela;CRO;416;;F;F;S;(Baku);NF;2015-06-24
VOLPI Alice;1992-04-15;17;V;5;0;DAJCIC Marcela;CRO;207;;F;F;J;(Baku);CHM;2010-04-06
VOLPI Alice;1992-04-15;17;V;5;1;DAW Menattalla;EGY;292;;F;F;J;(Baku);CHM;2010-04-06
VOLPI Alice;1992-04-15;26;V;15;14;DE COSTANZO Valentina;ITA;31;;F;F;S;(Shanghai);GP;2018-05-18
VOLPI Alice;1992-04-15;25;V;15;8;DE COSTANZO Valentina;ITA;31;;F;F;S;(Turin);GP;2017-12-01
VOLPI Alice;1992-04-15;24;V;15;12;DE COSTANZO Valentina;ITA;47;;F;F;S;California);GP;2017-03-17
VOLPI Alice;1992-04-15;16;D;11;15;DE COSTANZO Valentina;ITA;5;;F;F;J;Sabbiadoro);A;2008-12-05
VOLPI Alice;1992-04-15;18;D;3;5;DEORDIEVA Kateryna;UKR;89;;F;F;J;(Leszno);A;2010-12-18
VOLPI Alice;1992-04-15;25;D;9;15;DERIGLAZOVA Inna;RUS;1;;F;F;S;(Turin);GP;2017-12-01
VOLPI Alice;1992-04-15;25;D;13;14;DERIGLAZOVA Inna;RUS;1;;F;F;S;(Leipzig);CHM;2017-07-19
VOLPI Alice;1992-04-15;25;D;9;15;DERIGLAZOVA Inna;RUS;1;;F;F;S;(Tbilisi);CHZ;2017-06-13
VOLPI Alice;1992-04-15;25;D;10;15;DERIGLAZOVA Inna;RUS;1;;F;F;S;(Shanghai);GP;2017-05-19
VOLPI Alice;1992-04-15;24;V;15;12;DERIGLAZOVA Inna;RUS;1;;F;F;S;(Alger);A;2017-01-13
VOLPI Alice;1992-04-15;23;V;15;4;DERIGLAZOVA Inna;RUS;2;;F;F;S;(Turin);GP;2015-11-27
VOLPI Alice;1992-04-15;23;D;14;15;DERIGLAZOVA Inna;RUS;3;;F;F;S;(Shanghai);GP;2015-05-15
VOLPI Alice;1992-04-15;22;D;7;15;DERIGLAZOVA Inna;RUS;3;;F;F;S;(St-Maur);A;2014-11-07
VOLPI Alice;1992-04-15;21;D;8;15;DERIGLAZOVA Inna;RUS;2;;F;F;S;(Shanghai);A;2013-05-03
VOLPI Alice;1992-04-15;18;V;5;2;DESCHUYTTER Marie;BEL;159;;F;F;J;(Budapest);A;2011-02-19
VOLPI Alice;1992-04-15;21;V;12;11;DI FRANCISCA Elisa;ITA;2;;F;F;S;(Budapest);A;2014-02-07
VOLPI Alice;1992-04-15;20;D;8;15;DI FRANCISCA Elisa;ITA;4;;F;F;S;(Tauberbischofsheim);A;2013-03-08
VOLPI Alice;1992-04-15;20;V;15;13;DI FRANCISCA Elisa;ITA;2;;F;F;S;(Shanghai);A;2012-05-04
VOLPI Alice;1992-04-15;18;D;10;15;DI FRANCISCA Elisa;ITA;1;;F;F;S;(Tauberbischofsheim);A;2011-02-11
VOLPI Alice;1992-04-15;15;V;5;0;DINYA Alexandra;HUN;263;;F;F;J;(Budapest);A;2008-01-04
VOLPI Alice;1992-04-15;20;V;5;1;DLUGOSZ Martyna;POL;255;;F;F;S;(Gdansk);GP;2013-02-01
VOLPI Alice;1992-04-15;19;V;5;0;DLUGOSZ Martyna;POL;121;;F;F;J;(Bratislava);A;2011-11-19
VOLPI Alice;1992-04-15;19;V;5;1;DLUGOSZ Martyna;POL;121;;F;F;J;(Luxembourg);A;2011-11-05
VOLPI Alice;1992-04-15;18;V;5;1;DLUGOSZ Martyna;POL;178;;F;F;J;(Zagreb);A;2011-01-22
VOLPI Alice;1992-04-15;18;V;5;1;DOECKER Anna;AUT;261;;F;F;S;(Tauberbischofsheim);A;2011-02-11
VOLPI Alice;1992-04-15;18;V;5;0;DRCELIC Tijana;SRB;210;;F;F;J;(Belgrade);A;2011-03-06
VOLPI Alice;1992-04-15;19;V;5;2;DUBROVICH Jacqueline;USA;29;;F;F;J;(Bochum);A;2011-12-03
VOLPI Alice;1992-04-15;20;V;5;1;DUENHOELTER Anna;ESP;266;;F;F;S;(St-Petersbourg);A;2013-03-01
VOLPI Alice;1992-04-15;18;V;5;4;DUHEM Charlotte;FRA;118;;F;F;J;(Budapest);A;2011-02-19
VOLPI Alice;1992-04-15;16;V;15;5;DUMITRU Ioana Adriana;ROU;50;;F;F;J;Sabbiadoro);A;2008-12-05
VOLPI Alice;1992-04-15;26;D;12;15;EBERT Leonie;GER;8;;F;F;S;(Tauberbischofsheim);A;2018-04-27
VOLPI Alice;1992-04-15;25;V;15;7;EBERT Leonie;GER;8;;F;F;S;(Alger);A;2018-02-02
VOLPI Alice;1992-04-15;25;V;15;13;EBERT Leonie;GER;8;;F;F;S;(Cancun);A;2017-10-13
VOLPI Alice;1992-04-15;25;V;15;7;EBERT Leonie;GER;28;;F;F;S;(Tbilisi);CHZ;2017-06-13
VOLPI Alice;1992-04-15;24;D;13;15;EBERT Leonie;GER;28;;F;F;S;(Cancun);A;2016-10-14
VOLPI Alice;1992-04-15;24;V;5;3;EBERT Leonie;GER;66;;F;F;S;(TORUN);CHZ;2016-06-21
VOLPI Alice;1992-04-15;22;V;5;3;EBERT Leonie;GER;121;;F;F;S;Havane);GP;2015-03-13
VOLPI Alice;1992-04-15;22;V;5;2;ELESINA Irina;RUS;140;;F;F;S;(Shanghai);A;2014-05-02
VOLPI Alice;1992-04-15;18;V;15;10;ELESINA Irina;RUS;11;;F;F;J;(Belgrade);A;2011-03-06
VOLPI Alice;1992-04-15;18;V;12;9;ELESINA Irina;RUS;11;;F;F;J;(Zagreb);A;2011-01-22
VOLPI Alice;1992-04-15;18;D;12;15;ELESINA Irina;RUS;11;;F;F;J;(Waldkirch);A;2010-12-04
VOLPI Alice;1992-04-15;17;V;15;6;ELESINA Irina;RUS;19;;F;F;J;(Lyon);A;2010-02-07
VOLPI Alice;1992-04-15;17;V;5;3;ELESINA Irina;RUS;19;;F;F;J;(Odense);CHZ;2009-10-31
VOLPI Alice;1992-04-15;17;V;15;8;ELESINA Irina;RUS;19;;F;F;J;(Bratislava);A;2009-10-11
VOLPI Alice;1992-04-15;16;V;5;4;ELESINA Irina;RUS;88;;F;F;J;(Budapest);A;2009-01-03
VOLPI Alice;1992-04-15;16;V;15;11;ELESINA Irina;RUS;88;;F;F;J;(Bochum);A;2008-12-13
VOLPI Alice;1992-04-15;19;D;4;5;EMANUEL Martina;GBR;82;;F;F;S;(Tauberbischofsheim);A;2012-02-10
VOLPI Alice;1992-04-15;17;D;3;5;EMANUEL Martina;GBR;76;;F;F;S;(Turin);GP;2010-03-05
VOLPI Alice;1992-04-15;18;V;5;1;ENRIGHT Irene;FIN;188;;F;F;S;(Tauberbischofsheim);A;2011-02-11
VOLPI Alice;1992-04-15;23;V;15;12;ERBA Carolina;ITA;41;;F;F;S;(Baku);NF;2015-06-24
VOLPI Alice;1992-04-15;21;D;13;15;ERBA Carolina;ITA;7;;F;F;S;(Marseille);GP;2013-05-24
VOLPI Alice;1992-04-15;26;D;8;15;ERRIGO Arianna;ITA;5;;F;F;S;Sad);CHZ;2018-06-17
VOLPI Alice;1992-04-15;25;V;15;7;ERRIGO Arianna;ITA;5;;F;F;S;(Cancun);A;2017-10-13
VOLPI Alice;1992-04-15;24;D;10;15;ERRIGO Arianna;ITA;2;;F;F;S;California);GP;2017-03-17
VOLPI Alice;1992-04-15;23;D;12;15;ERRIGO Arianna;ITA;1;;F;F;S;Havane);GP;2016-03-11
VOLPI Alice;1992-04-15;23;V;15;11;ERRIGO Arianna;ITA;2;;F;F;S;(Shanghai);GP;2015-05-15
VOLPI Alice;1992-04-15;23;D;6;15;ERRIGO Arianna;ITA;2;;F;F;S;(Tauberbischofsheim);A;2015-05-01
VOLPI Alice;1992-04-15;21;D;10;15;ERRIGO Arianna;ITA;1;;F;F;S;(St-Petersbourg);A;2014-02-26
VOLPI Alice;1992-04-15;21;V;15;13;ERRIGO Arianna;ITA;1;;F;F;S;(Budapest);A;2014-02-07
VOLPI Alice;1992-04-15;21;D;9;15;ERRIGO Arianna;ITA;1;;F;F;S;(Séoul);GP;2013-04-27
VOLPI Alice;1992-04-15;20;D;7;15;ERRIGO Arianna;ITA;1;;F;F;S;(St-Petersbourg);A;2013-03-01
VOLPI Alice;1992-04-15;20;D;9;15;ERRIGO Arianna;ITA;1;;F;F;S;(Gdansk);GP;2013-02-01
VOLPI Alice;1992-04-15;15;V;15;10;ERRIGO Arianna;ITA;17;;F;F;J;(Budapest);A;2008-01-04
VOLPI Alice;1992-04-15;17;V;5;1;ESSL Regina;AUT;253;;F;F;S;(Leipzig);A;2010-02-20
VOLPI Alice;1992-04-15;19;V;5;1;FALKENSTROM Alida;SWE;226;;F;F;J;(Porec);CHZ;2012-03-01
VOLPI Alice;1992-04-15;16;V;15;13;FARAGO Fruzsina;HUN;87;;F;F;J;(Waldkirch);A;2009-01-25
VOLPI Alice;1992-04-15;20;V;5;2;FATKULLINA Alina;RUS;287;;F;F;S;(St-Petersbourg);A;2013-03-01
VOLPI Alice;1992-04-15;17;V;15;7;FENGER Hannah;GER;56;;F;F;J;(Bratislava);A;2009-10-11
VOLPI Alice;1992-04-15;14;V;5;2;FICHSHENKO Irina;KAZ;143;;F;F;J;(Lyon);A;2007-02-04
VOLPI Alice;1992-04-15;26;V;5;1;FIHOSY Ayesha;GBR;218;;F;F;S;Sad);CHZ;2018-06-17
VOLPI Alice;1992-04-15;26;V;15;5;FIHOSY Ayesha;GBR;218;;F;F;S;Sad);CHZ;2018-06-17
VOLPI Alice;1992-04-15;21;V;15;9;FIHOSY Ayesha;GBR;287;;F;F;S;(Tauberbischofsheim);A;2014-03-14
VOLPI Alice;1992-04-15;17;V;5;3;FLORES Alejandra;CHI;28;;F;F;J;(Baku);CHM;2010-04-06
VOLPI Alice;1992-04-15;20;V;5;4;FOSSE Theodora;FRA;242;;F;F;S;(Shanghai);A;2012-05-04
VOLPI Alice;1992-04-15;16;V;5;3;FOSSE Theodora;FRA;137;;F;F;S;(Turin);A;2009-03-21
VOLPI Alice;1992-04-15;14;V;5;1;FOSSE Theodora;FRA;100;;F;F;J;(Lyon);A;2007-02-04
VOLPI Alice;1992-04-15;14;D;2;5;FOSSE Theodora;FRA;100;;F;F;J;(Waldkirch);A;2007-01-28
VOLPI Alice;1992-04-15;18;V;15;6;GAFURZIANOVA Kamilla;RUS;82;;F;F;S;(Turin);A;2011-03-11
VOLPI Alice;1992-04-15;15;V;15;12;GAFURZIANOVA Kamilla;RUS;13;;F;F;J;(Budapest);A;2008-01-04
VOLPI Alice;1992-04-15;15;D;1;5;GAFURZIANOVA Kamilla;RUS;13;;F;F;J;(Bochum);A;2007-12-15
VOLPI Alice;1992-04-15;14;D;9;15;GAFURZIANOVA Kamilla;RUS;42;;F;F;J;(Lyon);A;2007-02-04
VOLPI Alice;1992-04-15;19;V;5;1;GAO Sharon;USA;160;;F;F;J;(Lyon);A;2012-02-04
VOLPI Alice;1992-04-15;18;V;5;0;GAO Sharon;USA;197;;F;F;J;(Zagreb);A;2011-01-22
VOLPI Alice;1992-04-15;20;V;5;2;GARCIA AZUA Barbara;CHI;125;;F;F;S;(Turin);A;2013-03-22
VOLPI Alice;1992-04-15;19;V;5;3;GASPERINI Beatrice;ITA;259;;F;F;J;(Luxembourg);A;2011-11-05
VOLPI Alice;1992-04-15;23;V;5;3;GEBET Gaelle;FRA;45;;F;F;S;(Baku);NF;2015-06-24
VOLPI Alice;1992-04-15;20;D;12;15;GEBET Gaelle;FRA;33;;F;F;S;(Séoul);GP;2012-05-19
VOLPI Alice;1992-04-15;20;V;5;3;GEBET Gaelle;FRA;33;;F;F;S;(Marseille);GP;2012-04-28
VOLPI Alice;1992-04-15;16;V;15;10;GEBET Gaelle;FRA;130;;F;F;S;(Turin);A;2009-03-21
VOLPI Alice;1992-04-15;14;V;15;8;GENEVOIS Berangere;FRA;36;;F;F;J;(Lyon);A;2007-02-04
VOLPI Alice;1992-04-15;16;V;5;0;GEURTS Djinn;NED;149;;F;F;S;(Turin);A;2009-03-21
VOLPI Alice;1992-04-15;14;V;5;3;GEURTS Djinn;NED;11;;F;F;J;(Waldkirch);A;2007-01-28
VOLPI Alice;1992-04-15;23;V;5;0;GILLJAM Patricia;SWE;261;;F;F;S;(Turin);GP;2015-11-27
VOLPI Alice;1992-04-15;16;V;5;1;GIMENEZ Isis;VEN;304;;F;F;J;(Belfast);CHM;2009-04-08
VOLPI Alice;1992-04-15;20;V;15;12;GOLDIE Alanna;CAN;34;;F;F;S;(St-Petersbourg);A;2013-03-01
VOLPI Alice;1992-04-15;23;V;5;2;GOLEBIOWSKA Natalia;POL;155;;F;F;S;(Turin);GP;2015-11-27
VOLPI Alice;1992-04-15;19;D;2;5;GOLEBIOWSKA Natalia;POL;27;;F;F;J;(Moscow);CHM;2012-04-03
VOLPI Alice;1992-04-15;18;D;3;5;GOLEBIOWSKA Natalia;POL;25;;F;F;J;(Leszno);A;2010-12-18
VOLPI Alice;1992-04-15;18;V;15;5;GOLLAN Natasha;GER;83;;F;F;J;(Lobnya);CHZ;2010-10-24
VOLPI Alice;1992-04-15;17;V;5;1;GOLLAN Natasha;GER;390;;F;F;S;(Leipzig);A;2010-02-20
VOLPI Alice;1992-04-15;15;V;5;1;GOLLAN Natasha;GER;232;;F;F;J;(Bochum);A;2007-12-15
VOLPI Alice;1992-04-15;23;V;15;5;GOLUBYTSKYI Carolin;GER;25;;F;F;S;(Baku);NF;2015-06-24
VOLPI Alice;1992-04-15;21;V;15;7;GOLUBYTSKYI Carolin;GER;16;;F;F;S;(Tauberbischofsheim);A;2014-03-14
VOLPI Alice;1992-04-15;18;V;14;13;GOLUBYTSKYI Carolin;GER;23;;F;F;S;(Tauberbischofsheim);A;2011-02-11
VOLPI Alice;1992-04-15;18;V;5;1;GONZALEZ Mariana;VEN;67;;F;F;S;(Turin);A;2011-03-11
VOLPI Alice;1992-04-15;17;V;5;3;GONZALEZ Mariana;VEN;41;;F;F;S;(Leipzig);A;2010-02-20
VOLPI Alice;1992-04-15;15;V;15;14;GOUTTERATEL Coralie;FRA;46;;F;F;J;(Bratislava);A;2007-10-13
VOLPI Alice;1992-04-15;14;D;2;5;GOUTTERATEL Coralie;FRA;149;;F;F;J;(Jesi);A;2006-11-25
VOLPI Alice;1992-04-15;19;V;15;10;GRANBASSI Margherita;ITA;66;;F;F;S;(Shanghai);A;2011-05-06
VOLPI Alice;1992-04-15;19;V;5;1;GRENOT Adeline;FRA;171;;F;F;J;(Lyon);A;2012-02-04
VOLPI Alice;1992-04-15;23;V;5;1;GROSLAMBERT Delphine;BEL;328;;F;F;S;(Baku);NF;2015-06-24
VOLPI Alice;1992-04-15;22;D;2;5;GROSLAMBERT Delphine;BEL;150;;F;F;S;(Marseille);GP;2014-05-23
VOLPI Alice;1992-04-15;20;V;5;2;GROSLAMBERT Delphine;BEL;129;;F;F;S;(Marseille);GP;2012-04-28
VOLPI Alice;1992-04-15;14;D;4;5;GROSLAMBERT Delphine;BEL;19;;F;F;J;(Bochum);A;2006-12-16
VOLPI Alice;1992-04-15;23;V;5;3;GRUCHALA Sylwia;POL;100;;F;F;S;(Shanghai);GP;2015-05-15
VOLPI Alice;1992-04-15;20;V;15;9;GRUCHALA Sylwia;POL;9;;F;F;S;(Shanghai);A;2012-05-04
VOLPI Alice;1992-04-15;22;V;15;13;GU Jerrica;CAN;205;;F;F;S;(St-Maur);A;2014-11-07
VOLPI Alice;1992-04-15;18;V;5;2;GUTOWSKA Katarzyna;POL;172;;F;F;J;(Leszno);A;2010-12-18
VOLPI Alice;1992-04-15;18;V;5;4;GUTOWSKA Katarzyna;POL;172;;F;F;J;(Waldkirch);A;2010-12-04
VOLPI Alice;1992-04-15;23;V;15;12;GUYART Astrid;FRA;8;;F;F;S;(Cancun);A;2015-10-16
VOLPI Alice;1992-04-15;22;V;15;11;GUYART Astrid;FRA;12;;F;F;S;(Turin);GP;2014-11-28
VOLPI Alice;1992-04-15;20;D;11;15;GUYART Astrid;FRA;9;;F;F;S;(Turin);A;2013-03-22
VOLPI Alice;1992-04-15;20;D;9;15;GUYART Astrid;FRA;5;;F;F;S;(Shanghai);A;2012-05-04
VOLPI Alice;1992-04-15;14;V;5;2;HAENLEIN Viola;GER;25;;F;F;J;(Bochum);A;2006-12-16
VOLPI Alice;1992-04-15;17;V;5;2;HAJDU Melinda;HUN;123;;F;F;J;(Leszno);A;2009-11-28
VOLPI Alice;1992-04-15;21;V;5;2;HAMPEL Eva;GER;79;;F;F;S;(Gdansk);GP;2014-01-31
VOLPI Alice;1992-04-15;17;V;5;2;HANNAY Georgia;GBR;227;;F;F;J;(Leszno);A;2009-11-28
VOLPI Alice;1992-04-15;14;D;0;0;HANZELOVA Gyongyi;SVK;5;;F;F;J;(Budapest);A;2007-01-05
VOLPI Alice;1992-04-15;23;D;14;15;HARVEY Eleanor;CAN;13;;F;F;S;(Alger);A;2016-02-05
VOLPI Alice;1992-04-15;23;D;14;15;HARVEY Eleanor;CAN;13;;F;F;S;(Gdansk);A;2016-01-15
VOLPI Alice;1992-04-15;21;V;5;2;HARVEY Eleanor;CAN;74;;F;F;S;(Marseille);GP;2013-05-24
VOLPI Alice;1992-04-15;18;V;5;2;HAUSMAN Marta;POL;59;;F;F;J;(Budapest);A;2011-02-19
VOLPI Alice;1992-04-15;17;D;4;5;HAUSMAN Marta;POL;70;;F;F;J;(Leszno);A;2009-11-28
VOLPI Alice;1992-04-15;16;V;15;14;HAUSMAN Marta;POL;58;;F;F;J;(Bochum);A;2008-12-13
VOLPI Alice;1992-04-15;16;D;3;5;HAUSMAN Marta;POL;58;;F;F;J;(Bochum);A;2008-12-13
VOLPI Alice;1992-04-15;15;D;4;5;HERVE DE FERRON Alice;FRA;80;;F;F;J;(Budapest);A;2008-01-04
VOLPI Alice;1992-04-15;16;V;5;3;HIRAISHI Noriko;JPN;145;;F;F;J;(Belfast);CHM;2009-04-08
VOLPI Alice;1992-04-15;20;V;5;1;HIRATA Kyomi;JPN;69;;F;F;S;(St-Petersbourg);A;2012-06-03
VOLPI Alice;1992-04-15;20;V;5;2;HIRATA Kyomi;JPN;69;;F;F;S;(Séoul);GP;2012-05-19
VOLPI Alice;1992-04-15;22;D;4;5;HOHENADEL Leilani;GER;391;;F;F;S;(Turin);GP;2014-11-28
VOLPI Alice;1992-04-15;25;D;13;15;HONG Hyo Jin;KOR;20;;F;F;S;(St-Maur);A;2017-11-03
VOLPI Alice;1992-04-15;24;V;15;8;HONG Hyo Jin;KOR;108;;F;F;S;(St-Maur);A;2016-11-04
VOLPI Alice;1992-04-15;23;V;5;2;HONG Hyo Jin;KOR;161;;F;F;S;(Shanghai);GP;2015-05-15
VOLPI Alice;1992-04-15;24;V;15;11;HONG Seo In;KOR;21;;F;F;S;(Gdansk);A;2017-02-03
VOLPI Alice;1992-04-15;24;V;15;12;HONG Seo In;KOR;21;;F;F;S;(Turin);GP;2016-12-02
VOLPI Alice;1992-04-15;23;D;3;5;HONG Seo In;KOR;192;;F;F;S;(Tauberbischofsheim);A;2015-05-01
VOLPI Alice;1992-04-15;20;D;4;5;HONG Seo In;KOR;67;;F;F;S;(Séoul);GP;2012-05-19
VOLPI Alice;1992-04-15;20;V;5;2;HONG Seo In;KOR;67;;F;F;S;(Shanghai);A;2012-05-04
VOLPI Alice;1992-04-15;23;V;15;9;HOPKA-VARGA Gabriella;HUN;92;;F;F;S;(Alger);A;2016-02-05
VOLPI Alice;1992-04-15;22;V;15;10;HUANG Jiaxin;CHN;298;;F;F;S;(Shanghai);A;2014-05-02
VOLPI Alice;1992-04-15;15;V;5;3;HUEBNER Vanessa;GER;122;;F;F;J;(Bratislava);A;2007-10-13
VOLPI Alice;1992-04-15;23;V;5;1;HUIN Julie;FRA;85;;F;F;S;(Shanghai);GP;2015-05-15
VOLPI Alice;1992-04-15;20;V;5;4;HUIN Julie;FRA;56;;F;F;S;(St-Petersbourg);A;2013-03-01
VOLPI Alice;1992-04-15;26;V;15;5;HUO Xingxin;CHN;29;;F;F;S;(Shanghai);GP;2018-05-18
VOLPI Alice;1992-04-15;19;V;5;3;IFRIM Mirela;ROU;313;;F;F;J;(Bratislava);A;2011-11-19
VOLPI Alice;1992-04-15;17;V;15;10;IFRIM Mirela;ROU;96;;F;F;J;(Baku);CHM;2010-04-06
VOLPI Alice;1992-04-15;22;V;5;1;ITO Maki;JPN;160;;F;F;S;(Turin);GP;2014-11-28
VOLPI Alice;1992-04-15;21;V;5;3;IVANOVA Anastasiia;RUS;35;;F;F;S;(Gdansk);GP;2014-01-31
VOLPI Alice;1992-04-15;19;V;15;9;IVANOVA Anastasiia;RUS;178;;F;F;S;(St-Petersbourg);A;2011-06-05
VOLPI Alice;1992-04-15;17;D;12;15;IVANOVA Anastasiia;RUS;8;;F;F;J;(Lyon);A;2010-02-07
VOLPI Alice;1992-04-15;16;D;5;15;IVANOVA Anastasiia;RUS;11;;F;F;J;(Bochum);A;2008-12-13
VOLPI Alice;1992-04-15;16;V;5;2;JABRI Haifa;TUN;294;;F;F;J;Sabbiadoro);A;2008-12-05
VOLPI Alice;1992-04-15;21;V;5;3;JANG Yeaseul;KOR;71;;F;F;S;(Tauberbischofsheim);A;2014-03-14
VOLPI Alice;1992-04-15;21;V;15;5;JANG Yeaseul;KOR;89;;F;F;S;(Marseille);GP;2013-05-24
VOLPI Alice;1992-04-15;25;D;3;5;JELINSKA Martyna;POL;38;;F;F;S;(Tbilisi);CHZ;2017-06-13
VOLPI Alice;1992-04-15;23;V;15;13;JELINSKA Martyna;POL;31;;F;F;S;Havane);GP;2016-03-11
VOLPI Alice;1992-04-15;20;D;1;5;JELINSKA Martyna;POL;97;;F;F;S;(Séoul);GP;2012-05-19
VOLPI Alice;1992-04-15;20;V;5;2;JELINSKA Martyna;POL;97;;F;F;S;(Marseille);GP;2012-04-28
VOLPI Alice;1992-04-15;18;V;15;11;JELINSKA Martyna;POL;9;;F;F;J;(Leszno);A;2010-12-18
VOLPI Alice;1992-04-15;17;V;15;6;JELINSKA Martyna;POL;38;;F;F;J;(Lyon);A;2010-02-07
VOLPI Alice;1992-04-15;23;V;15;13;JEON Hee Sook;KOR;5;;F;F;S;(Shanghai);GP;2015-05-15
VOLPI Alice;1992-04-15;22;D;7;15;JEON Hee Sook;KOR;5;;F;F;S;Havane);GP;2015-03-13
VOLPI Alice;1992-04-15;22;D;9;15;JEON Hee Sook;KOR;8;;F;F;S;(Shanghai);A;2014-05-02
VOLPI Alice;1992-04-15;20;V;15;9;JEON Hee Sook;KOR;11;;F;F;S;(St-Petersbourg);A;2013-03-01
VOLPI Alice;1992-04-15;21;V;5;1;JESZENSZKY Szilvia;HUN;69;;F;F;S;(Budapest);A;2014-02-07
VOLPI Alice;1992-04-15;15;V;5;1;JONGMAN Nicole;NED;180;;F;F;J;Sabbiadoro);A;2007-12-07
VOLPI Alice;1992-04-15;25;V;15;9;JUBENOT Chloe;FRA;128;;F;F;S;(St-Maur);A;2017-11-03
VOLPI Alice;1992-04-15;23;V;15;8;JUBENOT Chloe;FRA;302;;F;F;S;(Tauberbischofsheim);A;2015-05-01
VOLPI Alice;1992-04-15;18;V;5;1;JUBENOT Chloe;FRA;167;;F;F;J;(Zagreb);A;2011-01-22
VOLPI Alice;1992-04-15;18;V;15;3;KARACA Gizem;TUR;132;;F;F;J;Morte);CHM;2011-04-01
VOLPI Alice;1992-04-15;26;V;15;6;KARAMETE Irem;TUR;61;;F;F;S;(Alger);A;2018-11-23
VOLPI Alice;1992-04-15;23;V;5;1;KARAMETE Irem;TUR;81;;F;F;S;(Baku);NF;2015-06-24
VOLPI Alice;1992-04-15;22;V;15;5;KARAMETE Irem;TUR;81;;F;F;S;(Turin);GP;2014-11-28
VOLPI Alice;1992-04-15;18;V;5;2;KARDAS Anna;AUS;246;;F;F;J;Morte);CHM;2011-04-01
VOLPI Alice;1992-04-15;15;D;2;5;KARMANOVA Ekateryna;UKR;43;;F;F;J;(Budapest);A;2008-01-04
VOLPI Alice;1992-04-15;15;V;5;0;KARMANOVA Ekateryna;UKR;43;;F;F;J;(Bratislava);A;2007-10-13
VOLPI Alice;1992-04-15;19;V;15;10;KAWAMURA Risa;JPN;131;;F;F;J;(Moscow);CHM;2012-04-03
VOLPI Alice;1992-04-15;19;D;4;5;KAWAMURA Risa;JPN;131;;F;F;J;(Bratislava);A;2011-11-19
VOLPI Alice;1992-04-15;20;V;5;2;KAZHIKINA Ekaterina;RUS;263;;F;F;S;(Turin);A;2013-03-22
VOLPI Alice;1992-04-15;20;V;5;4;KAZHIKINA Ekaterina;RUS;263;;F;F;S;(St-Petersbourg);A;2013-03-01
VOLPI Alice;1992-04-15;17;V;15;14;KAZHIKINA Ekaterina;RUS;11;;F;F;J;(Budapest);A;2010-01-05
VOLPI Alice;1992-04-15;17;D;6;15;KAZHIKINA Ekaterina;RUS;11;;F;F;J;(Odense);CHZ;2009-10-31
VOLPI Alice;1992-04-15;16;D;9;10;KAZHIKINA Ekaterina;RUS;1;;F;F;J;(Belfast);CHM;2009-04-08
VOLPI Alice;1992-04-15;14;V;5;2;KAZHIKINA Ekaterina;RUS;147;;F;F;J;(Budapest);A;2007-01-05
VOLPI Alice;1992-04-15;16;V;5;3;KEICHEL Stefanie;GER;62;;F;F;J;(Budapest);A;2009-01-03
VOLPI Alice;1992-04-15;25;D;14;15;KIEFER Lee;USA;3;;F;F;S;(Cancun);A;2017-10-13
VOLPI Alice;1992-04-15;18;D;14;15;KIEFER Lee;USA;6;;F;F;J;Morte);CHM;2011-04-01
VOLPI Alice;1992-04-15;23;V;5;2;KIKUCHI Komaki;JPN;169;;F;F;S;(Turin);GP;2015-11-27
VOLPI Alice;1992-04-15;25;V;15;7;KIM Mina;KOR;40;;F;F;S;(Leipzig);CHM;2017-07-19
VOLPI Alice;1992-04-15;24;V;15;8;KIM Hyunjin;KOR;61;;F;F;S;(Turin);GP;2016-12-02
VOLPI Alice;1992-04-15;19;V;5;4;KING Leah;GBR;32;;F;F;J;(Porec);CHZ;2012-03-01
VOLPI Alice;1992-04-15;23;V;5;4;KINZEL Josefin;GER;402;;F;F;S;(Tauberbischofsheim);A;2015-05-01
VOLPI Alice;1992-04-15;16;V;15;13;KIRPICHEVA Evgeniya;RUS;53;;F;F;J;(Budapest);A;2009-01-03
VOLPI Alice;1992-04-15;20;V;5;4;KIRSCHBAUM Viviane;GER;331;;F;F;S;(Tauberbischofsheim);A;2013-03-08
VOLPI Alice;1992-04-15;24;V;15;8;KIRSCHEN Kim;GER;173;;F;F;S;(Gdansk);A;2017-02-03
VOLPI Alice;1992-04-15;19;V;5;2;KIRSCHEN Kim;GER;196;;F;F;J;(Bochum);A;2011-12-03
VOLPI Alice;1992-04-15;15;V;5;1;KLIEWER Katja;GER;154;;F;F;J;(Waldkirch);A;2008-01-27
VOLPI Alice;1992-04-15;23;V;5;2;KNAPEK Edina;HUN;29;;F;F;S;(Tauberbischofsheim);A;2015-05-01
VOLPI Alice;1992-04-15;22;D;3;5;KNAPEK Edina;HUN;29;;F;F;S;(Turin);GP;2014-11-28
VOLPI Alice;1992-04-15;19;V;5;2;KNAUER Tamina;GER;21;;F;F;J;(Porec);CHZ;2012-03-01
VOLPI Alice;1992-04-15;19;V;15;12;KNAUER Tamina;GER;21;;F;F;J;(Luxembourg);A;2011-11-05
VOLPI Alice;1992-04-15;18;V;15;6;KOKOULINA Maya;RUS;17;;F;F;J;(Lobnya);CHZ;2010-10-24
VOLPI Alice;1992-04-15;17;V;15;8;KOKOULINA Maya;RUS;86;;F;F;J;(Budapest);A;2010-01-05
VOLPI Alice;1992-04-15;16;D;3;5;KOKOULINA Maya;RUS;65;;F;F;J;(Bochum);A;2008-12-13
VOLPI Alice;1992-04-15;16;V;15;14;KOKOULINA Maya;RUS;65;;F;F;J;(Bochum);A;2008-12-13
VOLPI Alice;1992-04-15;17;V;5;2;KOKOULINA Alena;RUS;315;;F;F;J;(Bratislava);A;2009-10-11
VOLPI Alice;1992-04-15;20;V;5;3;KOPPENWALLNER-BOEHM Barbara;AUT;286;;F;F;S;(Turin);A;2013-03-22
VOLPI Alice;1992-04-15;18;V;5;0;KORENY Ajna;HUN;319;;F;F;J;(Budapest);A;2011-02-19
VOLPI Alice;1992-04-15;24;D;3;5;KOROBEYNIKOVA Larisa;RUS;15;;F;F;S;(TORUN);CHZ;2016-06-21
VOLPI Alice;1992-04-15;21;V;15;6;KOROBEYNIKOVA Larisa;RUS;5;;F;F;S;(Marseille);GP;2013-05-24
VOLPI Alice;1992-04-15;14;D;10;15;KOROBEYNIKOVA Larisa;RUS;1;;F;F;J;(Bochum);A;2006-12-16
VOLPI Alice;1992-04-15;19;V;5;1;KOROLEVA Olga;KAZ;143;;F;F;J;(Moscow);CHM;2012-04-03
VOLPI Alice;1992-04-15;15;V;5;2;KOROLKOVA Alena;RUS;106;;F;F;J;(Waldkirch);A;2008-01-27
VOLPI Alice;1992-04-15;23;D;4;5;KOZYREVA Viktoria;RUS;331;;F;F;S;(Shanghai);GP;2015-05-15
VOLPI Alice;1992-04-15;21;V;15;6;KOZYREVA Viktoria;RUS;38;;F;F;S;(Shanghai);A;2013-05-03
VOLPI Alice;1992-04-15;14;V;15;10;KOZYREVA Viktoria;RUS;53;;F;F;J;(Budapest);A;2007-01-05
VOLPI Alice;1992-04-15;20;V;5;4;KRAUSE Charlotte;GER;272;;F;F;S;(Tauberbischofsheim);A;2013-03-08
VOLPI Alice;1992-04-15;19;V;5;1;KRAUSE Charlotte;GER;53;;F;F;J;(Lyon);A;2012-02-04
VOLPI Alice;1992-04-15;19;V;15;7;KRAUSE Charlotte;GER;53;;F;F;J;(Lyon);A;2012-02-04
VOLPI Alice;1992-04-15;18;V;15;8;KRAUSE Charlotte;GER;69;;F;F;J;(Lyon);A;2011-02-05
VOLPI Alice;1992-04-15;26;V;15;4;KREISS Fanny;HUN;23;;F;F;S;Sad);CHZ;2018-06-17
VOLPI Alice;1992-04-15;24;V;15;7;KREISS Fanny;HUN;25;;F;F;S;(Turin);GP;2016-12-02
VOLPI Alice;1992-04-15;24;D;4;5;KREISS Fanny;HUN;43;;F;F;S;(TORUN);CHZ;2016-06-21
VOLPI Alice;1992-04-15;19;D;9;15;KREISS Fanny;HUN;76;;F;F;S;(Tauberbischofsheim);A;2012-02-10
VOLPI Alice;1992-04-15;18;D;13;15;KREISS Fanny;HUN;44;;F;F;S;(Turin);A;2011-03-11
VOLPI Alice;1992-04-15;19;D;0;5;KRYCZALO Katarzyna;POL;122;;F;F;S;(Séoul);GP;2011-05-21
VOLPI Alice;1992-04-15;19;V;5;4;KRYTSYNA Aliaksandra;BLR;117;;F;F;J;(Porec);CHZ;2012-03-01
VOLPI Alice;1992-04-15;22;V;5;1;KURACHI Miho;JPN;305;;F;F;S;(Shanghai);A;2014-05-02
VOLPI Alice;1992-04-15;15;V;5;1;KVESIC Lara;CRO;162;;F;F;J;(Budapest);A;2008-01-04
VOLPI Alice;1992-04-15;14;V;5;1;KVESIC Lara;CRO;232;;F;F;J;(Budapest);A;2007-01-05
VOLPI Alice;1992-04-15;22;V;5;0;KWAG Alicia Ji Yeon;AUS;158;;F;F;S;(St-Maur);A;2014-11-07
VOLPI Alice;1992-04-15;21;D;3;5;LAFFEY Jessie;USA;292;;F;F;S;(Tauberbischofsheim);A;2014-03-14
VOLPI Alice;1992-04-15;20;V;15;12;LAMONOVA Evgeniya;RUS;36;;F;F;S;(Shanghai);A;2012-05-04
VOLPI Alice;1992-04-15;19;V;5;1;LARGAESPADA Fatima;NCA;146;;F;F;J;(Moscow);CHM;2012-04-03
VOLPI Alice;1992-04-15;14;V;5;2;LAUTER Beate;GER;250;;F;F;J;(Jesi);A;2006-11-25
VOLPI Alice;1992-04-15;19;V;5;1;LAVRENOVA Veronika;RUS;304;;F;F;S;(St-Petersbourg);A;2011-06-05
VOLPI Alice;1992-04-15;18;V;15;9;LAVRENOVA Veronika;RUS;26;;F;F;J;(Budapest);A;2011-02-19
VOLPI Alice;1992-04-15;18;V;15;13;LAVRENOVA Veronika;RUS;26;;F;F;J;(Zagreb);A;2011-01-22
VOLPI Alice;1992-04-15;23;V;15;4;LE Huilin;CHN;16;;F;F;S;(Cancun);A;2015-10-16
VOLPI Alice;1992-04-15;21;V;15;13;LE Huilin;CHN;58;;F;F;S;(Shanghai);A;2013-05-03
VOLPI Alice;1992-04-15;19;D;3;5;LEE Han Na;KOR;39;;F;F;S;(Séoul);GP;2011-05-21
VOLPI Alice;1992-04-15;19;V;5;1;LEE Hye Sun;KOR;40;;F;F;S;(Shanghai);A;2011-05-06
VOLPI Alice;1992-04-15;22;V;15;5;LELEIKO Olga;UKR;65;;F;F;S;(St-Maur);A;2014-11-07
VOLPI Alice;1992-04-15;22;D;9;15;LELEIKO Olga;UKR;19;;F;F;S;(Marseille);GP;2014-05-23
VOLPI Alice;1992-04-15;15;V;5;1;LELONG Emilie;FRA;295;;F;F;J;(Waldkirch);A;2008-01-27
VOLPI Alice;1992-04-15;19;V;15;5;LESAINE HOANG Clemence;FRA;209;;F;F;J;(Lyon);A;2012-02-04
VOLPI Alice;1992-04-15;17;V;5;2;LESZKOWICZ Monika;POL;313;;F;F;J;(Leszno);A;2009-11-28
VOLPI Alice;1992-04-15;16;V;5;1;LESZKOWICZ Monika;POL;294;;F;F;J;(Budapest);A;2009-01-03
VOLPI Alice;1992-04-15;19;V;5;3;LEVIN Eve;USA;335;;F;F;S;(Shanghai);A;2011-05-06
VOLPI Alice;1992-04-15;19;D;2;5;LI Xin;CHN;309;;F;F;S;(Shanghai);A;2011-05-06
VOLPI Alice;1992-04-15;23;V;15;11;LIM Seungmin;KOR;26;;F;F;S;(Turin);GP;2015-11-27
VOLPI Alice;1992-04-15;22;V;5;4;LIM Seungmin;KOR;19;;F;F;S;Havane);GP;2015-03-13
VOLPI Alice;1992-04-15;20;V;5;0;LIM Seungmin;KOR;29;;F;F;S;(St-Petersbourg);A;2013-03-01
VOLPI Alice;1992-04-15;19;V;5;0;LIM Qi Hui;SGP;305;;F;F;J;(Zagreb);A;2012-01-21
VOLPI Alice;1992-04-15;21;V;5;3;LIU Yan Wai;HKG;100;;F;F;S;(Tauberbischofsheim);A;2014-03-14
VOLPI Alice;1992-04-15;19;V;5;4;LIU Yan Wai;HKG;97;;F;F;S;(Séoul);GP;2011-05-21
VOLPI Alice;1992-04-15;24;V;5;1;LOFMARK Linn;SWE;196;;F;F;S;(TORUN);CHZ;2016-06-21
VOLPI Alice;1992-04-15;23;V;5;4;LU Margaret;USA;74;;F;F;S;(Turin);GP;2015-11-27
VOLPI Alice;1992-04-15;21;D;10;15;LU Margaret;USA;39;;F;F;S;(Turin);A;2014-03-21
VOLPI Alice;1992-04-15;18;V;15;6;LU Margaret;USA;7;;F;F;J;(Zagreb);A;2011-01-22
VOLPI Alice;1992-04-15;17;D;14;15;LU Margaret;USA;16;;F;F;J;(Budapest);A;2010-01-05
VOLPI Alice;1992-04-15;14;V;15;10;LUBEIGT Edith;FRA;216;;F;F;J;(Bochum);A;2006-12-16
VOLPI Alice;1992-04-15;22;V;5;3;LUK Hoi Ching Elka;HKG;394;;F;F;S;(St-Maur);A;2014-11-07
VOLPI Alice;1992-04-15;16;V;15;10;LUMINET Clarisse;FRA;42;;F;F;J;Sabbiadoro);A;2008-12-05
VOLPI Alice;1992-04-15;25;V;5;0;LUPKOVICS Dora;HUN;57;;F;F;S;(Tbilisi);CHZ;2017-06-13
VOLPI Alice;1992-04-15;19;V;15;5;LUPKOVICS Dora;HUN;48;;F;F;J;(Porec);CHZ;2012-03-01
VOLPI Alice;1992-04-15;19;D;1;5;LUPKOVICS Dora;HUN;48;;F;F;J;(Zagreb);A;2012-01-21
VOLPI Alice;1992-04-15;19;D;2;5;LUPKOVICS Dora;HUN;48;;F;F;J;(Bratislava);A;2011-11-19
VOLPI Alice;1992-04-15;18;V;5;1;LUPKOVICS Dora;HUN;86;;F;F;J;(Lobnya);CHZ;2010-10-24
VOLPI Alice;1992-04-15;16;V;5;4;LUPKOVICS Dora;HUN;28;;F;F;J;(Budapest);A;2009-01-03
VOLPI Alice;1992-04-15;26;V;15;6;LYCZBINSKA Hanna;POL;21;;F;F;S;(Katowice);A;2019-01-11
VOLPI Alice;1992-04-15;25;V;15;14;LYCZBINSKA Hanna;POL;21;;F;F;S;(Alger);A;2018-02-02
VOLPI Alice;1992-04-15;20;D;1;5;LYCZBINSKA Hanna;POL;50;;F;F;S;(Tauberbischofsheim);A;2013-03-08
VOLPI Alice;1992-04-15;17;V;15;12;LYCZBINSKA Hanna;POL;4;;F;F;J;(Leszno);A;2009-11-28
VOLPI Alice;1992-04-15;14;D;7;15;LYCZBINSKA Hanna;POL;34;;F;F;J;(Waldkirch);A;2007-01-28
VOLPI Alice;1992-04-15;22;D;0;5;LYCZBINSKA Marta;POL;39;;F;F;S;(Alger);A;2015-02-06
VOLPI Alice;1992-04-15;21;D;3;4;LYCZBINSKA Marta;POL;80;;F;F;S;(Gdansk);GP;2014-01-31
VOLPI Alice;1992-04-15;20;V;5;1;LYCZBINSKA Marta;POL;116;;F;F;S;(Gdansk);GP;2013-02-01
VOLPI Alice;1992-04-15;15;D;2;5;LYCZBINSKA Marta;POL;23;;F;F;J;(Bratislava);A;2007-10-13
VOLPI Alice;1992-04-15;22;V;5;2;MA Hoi Ling;HKG;342;;F;F;S;(Shanghai);A;2014-05-02
VOLPI Alice;1992-04-15;15;V;15;2;MACLEOD Shelby;USA;260;;F;F;J;(Budapest);A;2008-01-04
VOLPI Alice;1992-04-15;18;V;5;3;MADAJCZYK Zuzanna;POL;219;;F;F;J;(Leszno);A;2010-12-18
VOLPI Alice;1992-04-15;18;V;5;3;MADOKORO Miri;JPN;190;;F;F;J;(Budapest);A;2011-02-19
VOLPI Alice;1992-04-15;21;V;15;7;MAITREJEAN Corinne;FRA;20;;F;F;S;(Budapest);A;2014-02-07
VOLPI Alice;1992-04-15;21;V;5;2;MANA Marie;FRA;260;;F;F;S;(Marseille);GP;2013-05-24
VOLPI Alice;1992-04-15;26;V;15;9;MANCINI Camilla;ITA;10;;F;F;S;(Wuxi);CHM;2018-07-20
VOLPI Alice;1992-04-15;20;V;15;13;MANCINI Camilla;ITA;71;;F;F;S;(Budapest);A;2013-02-08
VOLPI Alice;1992-04-15;19;V;15;7;MANCINI Camilla;ITA;2;;F;F;J;(Moscow);CHM;2012-04-03
VOLPI Alice;1992-04-15;19;V;15;14;MANCINI Camilla;ITA;2;;F;F;J;(Porec);CHZ;2012-03-01
VOLPI Alice;1992-04-15;19;V;15;5;MANCINI Camilla;ITA;2;;F;F;J;(Bochum);A;2011-12-03
VOLPI Alice;1992-04-15;19;V;15;14;MANCINI Camilla;ITA;2;;F;F;J;(Luxembourg);A;2011-11-05
VOLPI Alice;1992-04-15;18;V;15;14;MANCINI Camilla;ITA;10;;F;F;J;(Bratislava);A;2010-11-21
VOLPI Alice;1992-04-15;14;V;5;0;MARCEL Alix;FRA;349;;F;F;J;(Lyon);A;2007-02-04
VOLPI Alice;1992-04-15;19;V;5;2;MARINO Maria;ESP;101;;F;F;J;(Zagreb);A;2012-01-21
VOLPI Alice;1992-04-15;18;V;5;0;MARINO Maria;ESP;116;;F;F;J;Morte);CHM;2011-04-01
VOLPI Alice;1992-04-15;14;D;2;5;MARRUCCI Elena;ITA;51;;F;F;J;(Jesi);A;2006-11-25
VOLPI Alice;1992-04-15;15;V;5;3;MARTINSSON Camilla;SWE;171;;F;F;J;(Budapest);A;2008-01-04
VOLPI Alice;1992-04-15;25;V;15;12;MARTYANOVA Marta;RUS;22;;F;F;S;(Turin);GP;2017-12-01
VOLPI Alice;1992-04-15;25;V;15;9;MARTYANOVA Marta;RUS;18;;F;F;S;(Tbilisi);CHZ;2017-06-13
VOLPI Alice;1992-04-15;23;V;15;10;MASSIALAS Sabrina;USA;30;;F;F;S;(Turin);GP;2015-11-27
VOLPI Alice;1992-04-15;21;V;15;14;MASSIALAS Sabrina;USA;107;;F;F;S;(Budapest);A;2014-02-07
VOLPI Alice;1992-04-15;21;V;5;0;MATSUMOTO Iyo;JPN;150;;F;F;S;(Marseille);GP;2013-05-24
VOLPI Alice;1992-04-15;19;V;3;1;MCELWEE Mary Mw;USA;170;;F;F;J;(Zagreb);A;2012-01-21
VOLPI Alice;1992-04-15;18;V;5;1;MCGILL Kylei;USA;311;;F;F;S;(Tauberbischofsheim);A;2011-02-11
VOLPI Alice;1992-04-15;22;D;2;5;MCKENZIE Lisa;GBR;326;;F;F;S;(St-Maur);A;2014-11-07
VOLPI Alice;1992-04-15;16;V;5;3;MEIKLE Anne Charlotte;FRA;128;;F;F;J;(Bochum);A;2008-12-13
VOLPI Alice;1992-04-15;20;D;4;5;MELENTIEVA Anastasia;RUS;156;;F;F;S;(Marseille);GP;2012-04-28
VOLPI Alice;1992-04-15;16;D;1;5;MELENTIEVA Anastasia;RUS;12;;F;F;J;(Waldkirch);A;2009-01-25
VOLPI Alice;1992-04-15;18;V;5;1;MENDES Lucilia;POR;78;;F;F;J;Morte);CHM;2011-04-01
VOLPI Alice;1992-04-15;20;V;5;1;MERKL Roxanne;GER;166;;F;F;S;(Gdansk);GP;2013-02-01
VOLPI Alice;1992-04-15;20;V;5;3;MERKL Roxanne;GER;239;;F;F;S;(St-Petersbourg);A;2012-06-03
VOLPI Alice;1992-04-15;18;V;5;0;MERKL Roxanne;GER;176;;F;F;S;(Tauberbischofsheim);A;2011-02-11
VOLPI Alice;1992-04-15;15;D;2;5;MERKL Roxanne;GER;30;;F;F;J;Sabbiadoro);A;2007-12-07
VOLPI Alice;1992-04-15;19;V;5;3;MERKL Larissa;GER;336;;F;F;S;(Tauberbischofsheim);A;2012-02-10
VOLPI Alice;1992-04-15;17;D;3;5;MERKL Larissa;GER;128;;F;F;S;(Turin);GP;2010-03-05
VOLPI Alice;1992-04-15;19;V;15;7;MESTERI Viktoria;HUN;165;;F;F;J;(Zagreb);A;2012-01-21
VOLPI Alice;1992-04-15;18;V;15;5;MESTROVIC Ana;CRO;155;;F;F;J;(Zagreb);A;2011-01-22
VOLPI Alice;1992-04-15;18;V;5;2;MESTROVIC Ana;CRO;155;;F;F;J;(Bratislava);A;2010-11-21
VOLPI Alice;1992-04-15;15;V;5;2;MESTROVIC Ana;CRO;146;;F;F;J;Sabbiadoro);A;2007-12-07
VOLPI Alice;1992-04-15;16;V;5;4;MEYER Sofie;DEN;140;;F;F;J;(Belfast);CHM;2009-04-08
VOLPI Alice;1992-04-15;24;V;15;7;MICHEL Nataly;MEX;48;;F;F;S;(Shanghai);GP;2016-06-03
VOLPI Alice;1992-04-15;20;V;5;2;MICHEL Nataly;MEX;37;;F;F;S;(Gdansk);GP;2013-02-01
VOLPI Alice;1992-04-15;22;V;5;1;MIENVILLE Julie;FRA;181;;F;F;S;(Turin);GP;2014-11-28
VOLPI Alice;1992-04-15;20;V;5;3;MIENVILLE Julie;FRA;241;;F;F;S;(Marseille);GP;2012-04-28
VOLPI Alice;1992-04-15;19;V;5;3;MIENVILLE Julie;FRA;15;;F;F;J;(Porec);CHZ;2012-03-01
VOLPI Alice;1992-04-15;19;D;3;5;MIENVILLE Julie;FRA;15;;F;F;J;(Luxembourg);A;2011-11-05
VOLPI Alice;1992-04-15;19;V;15;9;MILANESE Lisa;ITA;12;;F;F;J;(Lyon);A;2012-02-04
VOLPI Alice;1992-04-15;14;V;5;4;MILLET Doriane;FRA;160;;F;F;J;(Bochum);A;2006-12-16
VOLPI Alice;1992-04-15;26;D;13;15;MIYAWAKI Karin;JPN;16;;F;F;S;(Shanghai);GP;2018-05-18
VOLPI Alice;1992-04-15;25;V;15;11;MOHAMED Aida;HUN;27;;F;F;S;(Leipzig);CHM;2017-07-19
VOLPI Alice;1992-04-15;15;V;15;6;MOLINARO Celine;FRA;212;;F;F;J;(Bratislava);A;2007-10-13
VOLPI Alice;1992-04-15;24;V;15;8;MONACO Beatrice;ITA;33;;F;F;S;California);GP;2017-03-17
VOLPI Alice;1992-04-15;24;V;15;14;MONACO Beatrice;ITA;33;;F;F;S;(Turin);GP;2016-12-02
VOLPI Alice;1992-04-15;22;V;15;11;MONACO Beatrice;ITA;83;;F;F;S;(St-Maur);A;2014-11-07
VOLPI Alice;1992-04-15;19;V;15;6;MONACO Beatrice;ITA;3;;F;F;J;(Moscow);CHM;2012-04-03
VOLPI Alice;1992-04-15;19;V;15;12;MONACO Beatrice;ITA;3;;F;F;J;(Porec);CHZ;2012-03-01
VOLPI Alice;1992-04-15;19;V;15;8;MONACO Beatrice;ITA;3;;F;F;J;(Bochum);A;2011-12-03
VOLPI Alice;1992-04-15;18;D;12;15;MONACO Beatrice;ITA;2;;F;F;J;(Leszno);A;2010-12-18
VOLPI Alice;1992-04-15;17;V;15;6;MONACO Beatrice;ITA;2;;F;F;J;(Budapest);A;2010-01-05
VOLPI Alice;1992-04-15;15;V;15;13;MONACO Beatrice;ITA;124;;F;F;J;(Waldkirch);A;2008-01-27
VOLPI Alice;1992-04-15;15;V;15;3;MONACO Beatrice;ITA;124;;F;F;J;(Budapest);A;2008-01-04
VOLPI Alice;1992-04-15;22;V;15;8;MONTERO POLANCO Yunaisi;CUB;345;;F;F;S;Havane);GP;2015-03-13
VOLPI Alice;1992-04-15;22;V;5;3;MONTERO POLANCO Yunaisi;CUB;345;;F;F;S;Havane);GP;2015-03-13
VOLPI Alice;1992-04-15;20;V;5;0;MORI Yuki;JPN;115;;F;F;S;(Tauberbischofsheim);A;2013-03-08
VOLPI Alice;1992-04-15;20;D;4;5;MORI Yuki;JPN;115;;F;F;S;(Budapest);A;2013-02-08
VOLPI Alice;1992-04-15;20;V;5;3;MORI Yuki;JPN;115;;F;F;S;(Gdansk);GP;2013-02-01
VOLPI Alice;1992-04-15;26;V;15;5;MORMANDI Flavia Johana;ARG;80;;F;F;S;(Tauberbischofsheim);A;2018-04-27
VOLPI Alice;1992-04-15;20;D;3;5;MORMANDI Flavia Johana;ARG;51;;F;F;S;(Turin);A;2013-03-22
VOLPI Alice;1992-04-15;14;V;5;1;MOSCA Debora;ITA;176;;F;F;J;(Jesi);A;2006-11-25
VOLPI Alice;1992-04-15;18;V;15;5;MOSKOVSKA Anastasiya;UKR;19;;F;F;J;Morte);CHM;2011-04-01
VOLPI Alice;1992-04-15;18;V;15;8;MOSKOVSKA Anastasiya;UKR;19;;F;F;J;(Lobnya);CHZ;2010-10-24
VOLPI Alice;1992-04-15;22;D;1;5;MPAH-NJANGA Jeromine;FRA;64;;F;F;S;Havane);GP;2015-03-13
VOLPI Alice;1992-04-15;22;D;3;5;MPAH-NJANGA Jeromine;FRA;64;;F;F;S;(St-Maur);A;2014-11-07
VOLPI Alice;1992-04-15;20;D;3;5;MPAH-NJANGA Jeromine;FRA;147;;F;F;S;(St-Petersbourg);A;2012-06-03
VOLPI Alice;1992-04-15;19;V;15;6;MPAH-NJANGA Jeromine;FRA;35;;F;F;J;(Lyon);A;2012-02-04
VOLPI Alice;1992-04-15;19;D;3;5;MPAH-NJANGA Jeromine;FRA;35;;F;F;J;(Lyon);A;2012-02-04
VOLPI Alice;1992-04-15;18;V;15;8;MPAH-NJANGA Jeromine;FRA;61;;F;F;J;(Budapest);A;2011-02-19
VOLPI Alice;1992-04-15;17;V;5;4;MPAH-NJANGA Jeromine;FRA;189;;F;F;J;(Bratislava);A;2009-10-11
VOLPI Alice;1992-04-15;17;V;5;4;MULLINS Philippa;GBR;87;;F;F;J;(Budapest);A;2010-01-05
VOLPI Alice;1992-04-15;15;V;5;0;MULLINS Philippa;GBR;131;;F;F;J;(Bochum);A;2007-12-15
VOLPI Alice;1992-04-15;22;D;4;5;MYASNIKOVA Tatiana;RUS;63;;F;F;S;(Séoul);GP;2014-04-26
VOLPI Alice;1992-04-15;25;V;15;13;NAM Hyunhee;KOR;8;;F;F;S;(Shanghai);GP;2017-05-19
VOLPI Alice;1992-04-15;24;D;7;15;NAM Hyunhee;KOR;8;;F;F;S;(Alger);A;2017-01-13
VOLPI Alice;1992-04-15;22;D;1;5;NAM Hyunhee;KOR;14;;F;F;S;(Séoul);GP;2014-04-26
VOLPI Alice;1992-04-15;21;V;5;2;NAM Hyunhee;KOR;14;;F;F;S;(Gdansk);GP;2014-01-31
VOLPI Alice;1992-04-15;19;D;13;15;NAM Hyunhee;KOR;3;;F;F;S;(Shanghai);A;2011-05-06
VOLPI Alice;1992-04-15;19;V;5;3;NEBIERIDZE Evgenia;RUS;33;;F;F;J;(Bratislava);A;2011-11-19
VOLPI Alice;1992-04-15;19;V;15;4;NEHL Inke;GER;23;;F;F;J;(Moscow);CHM;2012-04-03
VOLPI Alice;1992-04-15;17;V;5;1;NEHL Inke;GER;25;;F;F;J;(Baku);CHM;2010-04-06
VOLPI Alice;1992-04-15;22;D;4;5;NISHIOKA Shiho;JPN;57;;F;F;S;(St-Maur);A;2014-11-07
VOLPI Alice;1992-04-15;20;V;15;13;NISHIOKA Shiho;JPN;28;;F;F;S;(Gdansk);GP;2013-02-01
VOLPI Alice;1992-04-15;20;V;15;8;NISHIOKA Shiho;JPN;49;;F;F;S;(St-Petersbourg);A;2012-06-03
VOLPI Alice;1992-04-15;18;D;1;5;NOE Else;NED;62;;F;F;J;(Leszno);A;2010-12-18
VOLPI Alice;1992-04-15;17;V;5;2;NOE Else;NED;64;;F;F;J;(Lyon);A;2010-02-07
VOLPI Alice;1992-04-15;17;V;5;1;NOE Else;NED;64;;F;F;J;(Budapest);A;2010-01-05
VOLPI Alice;1992-04-15;17;V;5;0;NOE Else;NED;64;;F;F;J;Sabbiadoro);A;2009-12-04
VOLPI Alice;1992-04-15;22;V;5;2;NOGUEIRA Debora;POR;193;;F;F;S;(Gdansk);A;2015-01-16
VOLPI Alice;1992-04-15;23;V;15;9;NOH Garam;KOR;104;;F;F;S;(Gdansk);A;2016-01-15
VOLPI Alice;1992-04-15;19;V;5;3;NOTT Adrienne;USA;177;;F;F;S;(Séoul);GP;2011-05-21
VOLPI Alice;1992-04-15;15;D;14;15;NOVALIN&#039;SKA Kristina;USA;177;;F;F;J;(Budapest);A;2008-01-04
VOLPI Alice;1992-04-15;18;V;5;0;NOVENKOVA Veronika;CZE;77;;F;F;J;(Lobnya);CHZ;2010-10-24
VOLPI Alice;1992-04-15;17;V;5;3;NOVENKOVA Veronika;CZE;108;;F;F;J;Sabbiadoro);A;2009-12-04
VOLPI Alice;1992-04-15;18;V;5;2;NOVIK Ekaterina;RUS;58;;F;F;J;(Belgrade);A;2011-03-06
VOLPI Alice;1992-04-15;18;V;5;4;NOVIK Ekaterina;RUS;58;;F;F;J;(Zagreb);A;2011-01-22
VOLPI Alice;1992-04-15;16;V;5;1;NUDELMAN Bianka;HUN;73;;F;F;J;(Waldkirch);A;2009-01-25
VOLPI Alice;1992-04-15;15;V;5;4;NUDELMAN Bianka;HUN;109;;F;F;J;Sabbiadoro);A;2007-12-07
VOLPI Alice;1992-04-15;25;V;15;11;OH Ha Na;KOR;140;;F;F;S;(Alger);A;2018-02-02
VOLPI Alice;1992-04-15;22;V;15;9;OH Ha Na;KOR;90;;F;F;S;(St-Maur);A;2014-11-07
VOLPI Alice;1992-04-15;21;V;15;7;OH Ha Na;KOR;15;;F;F;S;(St-Petersbourg);A;2014-02-26
VOLPI Alice;1992-04-15;21;V;9;8;OH Ha Na;KOR;15;;F;F;S;(Budapest);A;2014-02-07
VOLPI Alice;1992-04-15;21;D;11;15;OH Ha Na;KOR;15;;F;F;S;(Gdansk);GP;2014-01-31
VOLPI Alice;1992-04-15;19;D;14;15;OH Ha Na;KOR;51;;F;F;S;(Séoul);GP;2011-05-21
VOLPI Alice;1992-04-15;22;V;5;3;OH Hye Mi;KOR;62;;F;F;S;(Gdansk);A;2015-01-16
VOLPI Alice;1992-04-15;21;V;5;1;OISHI Kanna;JPN;277;;F;F;S;(Budapest);A;2014-02-07
VOLPI Alice;1992-04-15;19;V;5;4;OISHI Kanna;JPN;99;;F;F;J;(Zagreb);A;2012-01-21
VOLPI Alice;1992-04-15;23;V;5;1;OJEDA Barbara;ESP;318;;F;F;S;(Tauberbischofsheim);A;2015-05-01
VOLPI Alice;1992-04-15;20;V;5;1;OROSHAZI Csilla;HUN;332;;F;F;S;(Budapest);A;2013-02-08
VOLPI Alice;1992-04-15;19;V;5;1;OROSHAZI Csilla;HUN;332;;F;F;S;(Tauberbischofsheim);A;2012-02-10
VOLPI Alice;1992-04-15;18;V;15;5;ORSOLINI Ilenia;ITA;90;;F;F;J;(Leszno);A;2010-12-18
VOLPI Alice;1992-04-15;21;V;5;1;PALISZEWSKA Monika;POL;146;;F;F;S;(Budapest);A;2014-02-07
VOLPI Alice;1992-04-15;26;V;13;8;PALUMBO Francesca;ITA;40;;F;F;S;(Alger);A;2018-11-23
VOLPI Alice;1992-04-15;25;V;15;14;PALUMBO Francesca;ITA;43;;F;F;S;(Shanghai);GP;2017-05-19
VOLPI Alice;1992-04-15;20;V;10;3;PALUMBO Francesca;ITA;176;;F;F;S;(Turin);A;2013-03-22
VOLPI Alice;1992-04-15;18;D;12;15;PALUMBO Francesca;ITA;31;;F;F;J;(Lyon);A;2011-02-05
VOLPI Alice;1992-04-15;18;V;15;8;PALUMBO Francesca;ITA;31;;F;F;J;(Bratislava);A;2010-11-21
VOLPI Alice;1992-04-15;16;V;15;10;PALUMBO Francesca;ITA;44;;F;F;J;Sabbiadoro);A;2008-12-05
VOLPI Alice;1992-04-15;16;D;3;5;PALUMBO Francesca;ITA;44;;F;F;J;Sabbiadoro);A;2008-12-05
VOLPI Alice;1992-04-15;22;V;5;4;PARTRIDGE Morgan;USA;322;;F;F;S;(Cancun);A;2014-10-17
VOLPI Alice;1992-04-15;17;V;15;10;PASCUCCI Martina;ITA;18;;F;F;J;Sabbiadoro);A;2009-12-04
VOLPI Alice;1992-04-15;17;D;9;15;PASCUCCI Martina;ITA;18;;F;F;J;(Leszno);A;2009-11-28
VOLPI Alice;1992-04-15;14;V;15;12;PASCUCCI Martina;ITA;63;;F;F;J;(Bochum);A;2006-12-16
VOLPI Alice;1992-04-15;24;V;15;9;PASZTOR Flora;HUN;107;;F;F;S;(St-Maur);A;2016-11-04
VOLPI Alice;1992-04-15;14;D;3;5;PEETZ Felicitas;GER;71;;F;F;J;(Lyon);A;2007-02-04
VOLPI Alice;1992-04-15;14;V;5;1;PEETZ Felicitas;GER;71;;F;F;J;(Waldkirch);A;2007-01-28
VOLPI Alice;1992-04-15;14;V;15;6;PEETZ Felicitas;GER;71;;F;F;J;(Waldkirch);A;2007-01-28
VOLPI Alice;1992-04-15;17;D;2;5;PETERSON Monica;CAN;24;;F;F;S;(Turin);GP;2010-03-05
VOLPI Alice;1992-04-15;16;V;5;4;PETERSON Monica;CAN;36;;F;F;S;(Turin);A;2009-03-21
VOLPI Alice;1992-04-15;14;V;5;4;PFAEHLER Julia;GER;360;;F;F;J;(Waldkirch);A;2007-01-28
VOLPI Alice;1992-04-15;23;V;15;3;PIRIEVA Leyla;RUS;45;;F;F;S;(Turin);GP;2015-11-27
VOLPI Alice;1992-04-15;22;D;2;5;PIRIEVA Leyla;RUS;80;;F;F;S;(Cancun);A;2014-10-17
VOLPI Alice;1992-04-15;22;V;5;0;PIRIEVA Leyla;RUS;56;;F;F;S;(Marseille);GP;2014-05-23
VOLPI Alice;1992-04-15;19;V;15;11;PIRIEVA Leyla;RUS;9;;F;F;J;(Bratislava);A;2011-11-19
VOLPI Alice;1992-04-15;18;V;15;8;PIRIEVA Leyla;RUS;12;;F;F;J;(Zagreb);A;2011-01-22
VOLPI Alice;1992-04-15;17;V;5;2;POKORNA Katarina;SVK;39;;F;F;J;(Baku);CHM;2010-04-06
VOLPI Alice;1992-04-15;17;V;5;1;POKORNA Katarina;SVK;39;;F;F;J;(Lyon);A;2010-02-07
VOLPI Alice;1992-04-15;16;V;5;0;POKORNA Katarina;SVK;104;;F;F;J;(Bochum);A;2008-12-13
VOLPI Alice;1992-04-15;16;V;5;2;POKORNA Katarina;SVK;104;;F;F;J;Sabbiadoro);A;2008-12-05
VOLPI Alice;1992-04-15;25;V;15;12;PRESCOD Nzingha;USA;12;;F;F;S;(St-Maur);A;2017-11-03
VOLPI Alice;1992-04-15;16;V;15;10;PRESCOD Nzingha;USA;2;;F;F;J;(Belfast);CHM;2009-04-08
VOLPI Alice;1992-04-15;15;D;6;15;PRESCOD Nzingha;USA;26;;F;F;J;(Waldkirch);A;2008-01-27
VOLPI Alice;1992-04-15;14;D;9;15;PRESCOD Nzingha;USA;16;;F;F;J;(Jesi);A;2006-11-25
VOLPI Alice;1992-04-15;19;V;5;1;RACHMAN Oktavira;INA;269;;F;F;J;(Moscow);CHM;2012-04-03
VOLPI Alice;1992-04-15;18;V;5;4;RAMDHAN Gabriella;NED;188;;F;F;J;(Waldkirch);A;2010-12-04
VOLPI Alice;1992-04-15;22;V;15;7;RANVIER Pauline;FRA;64;;F;F;S;(Shanghai);A;2014-05-02
VOLPI Alice;1992-04-15;22;D;4;5;RANVIER Pauline;FRA;64;;F;F;S;(Shanghai);A;2014-05-02
VOLPI Alice;1992-04-15;19;V;15;8;RANVIER Pauline;FRA;8;;F;F;J;(Moscow);CHM;2012-04-03
VOLPI Alice;1992-04-15;19;V;15;11;RANVIER Pauline;FRA;8;;F;F;J;(Lyon);A;2012-02-04
VOLPI Alice;1992-04-15;18;V;15;12;RANVIER Pauline;FRA;48;;F;F;J;(Bratislava);A;2010-11-21
VOLPI Alice;1992-04-15;18;V;5;2;RANVIER Pauline;FRA;48;;F;F;J;(Bratislava);A;2010-11-21
VOLPI Alice;1992-04-15;17;V;15;9;RANVIER Pauline;FRA;78;;F;F;J;Sabbiadoro);A;2009-12-04
VOLPI Alice;1992-04-15;17;V;5;4;RANVIER Pauline;FRA;78;;F;F;J;Sabbiadoro);A;2009-12-04
VOLPI Alice;1992-04-15;23;V;5;1;RAPAUD Astrid;FRA;185;;F;F;S;(Cancun);A;2015-10-16
VOLPI Alice;1992-04-15;20;V;5;1;RASHIDOVA Yulia;RUS;100;;F;F;S;(St-Petersbourg);A;2012-06-03
VOLPI Alice;1992-04-15;18;D;1;5;RASHIDOVA Alime;RUS;29;;F;F;J;(Belgrade);A;2011-03-06
VOLPI Alice;1992-04-15;18;V;15;13;RASHIDOVA Alime;RUS;29;;F;F;J;(Belgrade);A;2011-03-06
VOLPI Alice;1992-04-15;18;V;14;13;RASHIDOVA Alime;RUS;29;;F;F;J;(Zagreb);A;2011-01-22
VOLPI Alice;1992-04-15;18;V;5;0;RATESIC Sandra;CRO;91;;F;F;J;(Belgrade);A;2011-03-06
VOLPI Alice;1992-04-15;21;D;3;5;REBOLLEDO Melissa;MEX;120;;F;F;S;(Budapest);A;2014-02-07
VOLPI Alice;1992-04-15;25;V;15;5;RENTIER Eline;NED;89;;F;F;S;(Tbilisi);CHZ;2017-06-13
VOLPI Alice;1992-04-15;19;V;5;3;REPINA Polina;RUS;84;;F;F;S;(Shanghai);A;2011-05-06
VOLPI Alice;1992-04-15;18;V;15;3;REPINA Polina;RUS;84;;F;F;S;(Turin);A;2011-03-11
VOLPI Alice;1992-04-15;23;V;5;0;RIVERA Wendolyne;MEX;329;;F;F;S;(Cancun);A;2015-10-16
VOLPI Alice;1992-04-15;20;V;5;3;ROCHEL Tais;BRA;88;;F;F;S;(Gdansk);GP;2013-02-01
VOLPI Alice;1992-04-15;15;V;15;11;RODER Hannah;GER;83;;F;F;J;(Bochum);A;2007-12-15
VOLPI Alice;1992-04-15;25;V;15;13;ROSS Nicole;USA;11;;F;F;S;(St-Maur);A;2017-11-03
VOLPI Alice;1992-04-15;25;V;15;10;ROSS Nicole;USA;11;;F;F;S;(Cancun);A;2017-10-13
VOLPI Alice;1992-04-15;24;D;11;15;ROSS Nicole;USA;6;;F;F;S;(Turin);GP;2016-12-02
VOLPI Alice;1992-04-15;23;D;11;15;ROSS Nicole;USA;12;;F;F;S;(St-Maur);A;2015-11-06
VOLPI Alice;1992-04-15;23;V;5;3;ROSS Nicole;USA;18;;F;F;S;(Shanghai);GP;2015-05-15
VOLPI Alice;1992-04-15;20;V;5;2;ROSS Nicole;USA;30;;F;F;S;(Séoul);GP;2012-05-19
VOLPI Alice;1992-04-15;20;D;4;5;ROSS Nicole;USA;30;;F;F;S;(Shanghai);A;2012-05-04
VOLPI Alice;1992-04-15;15;V;15;11;ROSS Nicole;USA;67;;F;F;J;(Waldkirch);A;2008-01-27
VOLPI Alice;1992-04-15;14;V;15;5;ROSS Nicole;USA;91;;F;F;J;(Lyon);A;2007-02-04
VOLPI Alice;1992-04-15;21;V;5;0;ROUAS Maud;FRA;169;;F;F;S;(Tauberbischofsheim);A;2014-03-14
VOLPI Alice;1992-04-15;17;V;5;1;ROUGANNE Mailys;FRA;110;;F;F;J;(Lyon);A;2010-02-07
VOLPI Alice;1992-04-15;18;V;5;1;ROULIN Maeva;FRA;315;;F;F;S;(Turin);A;2011-03-11
VOLPI Alice;1992-04-15;15;D;1;5;ROULIN Maeva;FRA;75;;F;F;J;Sabbiadoro);A;2007-12-07
VOLPI Alice;1992-04-15;26;V;5;2;RUNDQUIST Harriet;SWE;236;;F;F;S;Sad);CHZ;2018-06-17
VOLPI Alice;1992-04-15;25;V;5;1;RUNDQUIST Harriet;SWE;299;;F;F;S;(Tbilisi);CHZ;2017-06-13
VOLPI Alice;1992-04-15;25;D;11;15;RYAN Kelleigh;CAN;24;;F;F;S;California);GP;2018-03-17
VOLPI Alice;1992-04-15;23;V;5;3;RYAN Kelleigh;CAN;36;;F;F;S;(Cancun);A;2015-10-16
VOLPI Alice;1992-04-15;21;D;1;5;RYAN Kelleigh;CAN;29;;F;F;S;(Gdansk);GP;2014-01-31
VOLPI Alice;1992-04-15;20;V;4;1;RYAN Kelleigh;CAN;49;;F;F;S;(St-Petersbourg);A;2013-03-01
VOLPI Alice;1992-04-15;20;V;5;4;RYBICKA Anna;POL;34;;F;F;S;(St-Petersbourg);A;2012-06-03
VOLPI Alice;1992-04-15;18;D;2;5;RYBICKA Anna;POL;36;;F;F;S;(Tauberbischofsheim);A;2011-02-11
VOLPI Alice;1992-04-15;17;D;1;5;RYBICKA Anna;POL;44;;F;F;S;(Turin);GP;2010-03-05
VOLPI Alice;1992-04-15;22;V;5;3;RYGIELSKA Emilia;POL;101;;F;F;S;Havane);GP;2015-03-13
VOLPI Alice;1992-04-15;22;V;15;9;RYGIELSKA Emilia;POL;101;;F;F;S;(Alger);A;2015-02-06
VOLPI Alice;1992-04-15;22;V;5;4;RYGIELSKA Emilia;POL;101;;F;F;S;(Turin);GP;2014-11-28
VOLPI Alice;1992-04-15;21;D;3;5;RYGIELSKA Emilia;POL;140;;F;F;S;(Marseille);GP;2013-05-24
VOLPI Alice;1992-04-15;20;V;5;4;RYGIELSKA Emilia;POL;140;;F;F;S;(Turin);A;2013-03-22
VOLPI Alice;1992-04-15;16;V;5;2;RYGIELSKA Emilia;POL;16;;F;F;J;(Belfast);CHM;2009-04-08
VOLPI Alice;1992-04-15;16;V;15;2;RYGIELSKA Emilia;POL;16;;F;F;J;(Belfast);CHM;2009-04-08
VOLPI Alice;1992-04-15;16;V;15;4;SABARTOVA Eliska;CZE;43;;F;F;J;(Belfast);CHM;2009-04-08
VOLPI Alice;1992-04-15;20;V;15;9;SALVATORI Ilaria;ITA;16;;F;F;S;(St-Petersbourg);A;2012-06-03
VOLPI Alice;1992-04-15;16;D;0;15;SALVATORI Ilaria;ITA;13;;F;F;S;(Turin);A;2009-03-21
VOLPI Alice;1992-04-15;21;V;5;1;SAMSONOVA Kristina;RUS;190;;F;F;S;(Tauberbischofsheim);A;2014-03-14
VOLPI Alice;1992-04-15;14;V;5;2;SARAH Jade;AUS;341;;F;F;J;(Lyon);A;2007-02-04
VOLPI Alice;1992-04-15;18;V;5;4;SARNOWSKA Patrycja;POL;263;;F;F;J;(Lyon);A;2011-02-05
VOLPI Alice;1992-04-15;18;V;5;4;SARNOWSKA Patrycja;POL;263;;F;F;J;(Bratislava);A;2010-11-21
VOLPI Alice;1992-04-15;17;V;15;6;SARNOWSKA Patrycja;POL;186;;F;F;J;(Leszno);A;2009-11-28
VOLPI Alice;1992-04-15;25;D;10;15;SAUER Anne;GER;20;;F;F;S;(Tauberbischofsheim);A;2017-04-28
VOLPI Alice;1992-04-15;21;V;5;3;SAUER Anne;GER;26;;F;F;S;(Budapest);A;2014-02-07
VOLPI Alice;1992-04-15;20;V;5;3;SAUER Anne;GER;64;;F;F;S;(Budapest);A;2013-02-08
VOLPI Alice;1992-04-15;18;V;5;4;SAUER Anne;GER;99;;F;F;S;(Turin);A;2011-03-11
VOLPI Alice;1992-04-15;18;V;15;12;SAUER Anne;GER;13;;F;F;J;(Bratislava);A;2010-11-21
VOLPI Alice;1992-04-15;17;V;15;9;SAUER Anne;GER;49;;F;F;J;(Baku);CHM;2010-04-06
VOLPI Alice;1992-04-15;15;V;15;10;SAUER Anne;GER;28;;F;F;J;(Budapest);A;2008-01-04
VOLPI Alice;1992-04-15;18;V;15;6;SAVCHENKO Inna;RUS;42;;F;F;J;(Belgrade);A;2011-03-06
VOLPI Alice;1992-04-15;14;V;15;4;SCHAAL Sontje;NED;356;;F;F;J;(Budapest);A;2007-01-05
VOLPI Alice;1992-04-15;14;V;5;1;SCHAAL Sontje;NED;356;;F;F;J;(Bochum);A;2006-12-16
VOLPI Alice;1992-04-15;16;V;5;2;SCHILLER Katharina;GER;232;;F;F;J;(Bochum);A;2008-12-13
VOLPI Alice;1992-04-15;23;V;5;1;SCHMITZ Franziska;GER;94;;F;F;S;(Baku);NF;2015-06-24
VOLPI Alice;1992-04-15;22;V;5;0;SCHMITZ Franziska;GER;94;;F;F;S;(Alger);A;2015-02-06
VOLPI Alice;1992-04-15;22;D;4;5;SCHMITZ Franziska;GER;94;;F;F;S;(St-Maur);A;2014-11-07
VOLPI Alice;1992-04-15;21;D;3;5;SCHMITZ Franziska;GER;153;;F;F;S;(Tauberbischofsheim);A;2014-03-14
VOLPI Alice;1992-04-15;17;D;2;5;SCHMITZ Franziska;GER;67;;F;F;J;(Leszno);A;2009-11-28
VOLPI Alice;1992-04-15;19;V;5;2;SCHULTZ Demi-Lee;RSA;291;;F;F;J;(Moscow);CHM;2012-04-03
VOLPI Alice;1992-04-15;24;V;15;3;SENYUTA Alexandra;UKR;81;;F;F;S;(TORUN);CHZ;2016-06-21
VOLPI Alice;1992-04-15;22;V;10;9;SENYUTA Alexandra;UKR;93;;F;F;S;(Gdansk);A;2015-01-16
VOLPI Alice;1992-04-15;22;V;5;3;SENYUTA Alexandra;UKR;46;;F;F;S;(Marseille);GP;2014-05-23
VOLPI Alice;1992-04-15;20;D;4;5;SENYUTA Alexandra;UKR;82;;F;F;S;(Tauberbischofsheim);A;2013-03-08
VOLPI Alice;1992-04-15;17;V;5;0;SENYUTA Alexandra;UKR;41;;F;F;J;(Bratislava);A;2009-10-11
VOLPI Alice;1992-04-15;23;V;15;14;SEO Mi Jung;KOR;82;;F;F;S;(Shanghai);GP;2015-05-15
VOLPI Alice;1992-04-15;20;V;15;9;SHANAEVA Aida;RUS;11;;F;F;S;(Shanghai);A;2012-05-04
VOLPI Alice;1992-04-15;25;D;13;15;SHI Yue;CHN;41;;F;F;S;(Katowice);A;2018-01-12
VOLPI Alice;1992-04-15;19;V;15;5;SHI Yun;CHN;65;;F;F;J;(Moscow);CHM;2012-04-03
VOLPI Alice;1992-04-15;18;V;15;9;SHI Yun;CHN;68;;F;F;J;Morte);CHM;2011-04-01
VOLPI Alice;1992-04-15;17;V;5;4;SHI Yun;CHN;79;;F;F;S;(Turin);GP;2010-03-05
VOLPI Alice;1992-04-15;17;V;5;0;SIBERT Catriona;GBR;95;;F;F;J;(Lyon);A;2010-02-07
VOLPI Alice;1992-04-15;17;V;5;3;SIBERT Catriona;GBR;95;;F;F;J;(Odense);CHZ;2009-10-31
VOLPI Alice;1992-04-15;16;D;2;5;SINGH Ambika;USA;29;;F;F;S;(Turin);A;2009-03-21
VOLPI Alice;1992-04-15;25;V;15;8;SINIGALIA Martina;ITA;49;;F;F;S;(Turin);GP;2017-12-01
VOLPI Alice;1992-04-15;19;V;15;8;SINIGALIA Martina;ITA;18;;F;F;J;(Luxembourg);A;2011-11-05
VOLPI Alice;1992-04-15;22;D;3;5;SOBCZAK Zuzanna;POL;120;;F;F;S;(Cancun);A;2014-10-17
VOLPI Alice;1992-04-15;22;V;5;2;SOBCZAK Zuzanna;POL;160;;F;F;S;(Shanghai);A;2014-05-02
VOLPI Alice;1992-04-15;22;D;4;5;SOBCZAK Zuzanna;POL;160;;F;F;S;(Séoul);GP;2014-04-26
VOLPI Alice;1992-04-15;18;V;5;3;SOBCZAK Zuzanna;POL;14;;F;F;J;Morte);CHM;2011-04-01
VOLPI Alice;1992-04-15;23;V;15;10;SOKOLOVA Diana;RUS;42;;F;F;S;(Tauberbischofsheim);A;2015-05-01
VOLPI Alice;1992-04-15;18;V;5;4;SOKOLOVA Diana;RUS;102;;F;F;S;(Turin);A;2011-03-11
VOLPI Alice;1992-04-15;14;D;3;5;SOKOLOVA Diana;RUS;20;;F;F;J;(Waldkirch);A;2007-01-28
VOLPI Alice;1992-04-15;14;V;15;11;SOKOLOVA Diana;RUS;20;;F;F;J;(Budapest);A;2007-01-05
VOLPI Alice;1992-04-15;14;V;5;4;SOKOLOVA Diana;RUS;20;;F;F;J;(Bochum);A;2006-12-16
VOLPI Alice;1992-04-15;22;D;1;5;SOLIS Martha;MEX;241;;F;F;S;(Cancun);A;2014-10-17
VOLPI Alice;1992-04-15;18;V;5;1;SOUQUET BRESSAND Camille;FRA;103;;F;F;J;(Lyon);A;2011-02-05
VOLPI Alice;1992-04-15;18;D;1;5;SOUQUET BRESSAND Camille;FRA;103;;F;F;J;(Waldkirch);A;2010-12-04
VOLPI Alice;1992-04-15;17;V;15;6;SOUQUET BRESSAND Camille;FRA;92;;F;F;J;Sabbiadoro);A;2009-12-04
VOLPI Alice;1992-04-15;18;V;5;0;STAFFORD Grace;GBR;296;;F;F;J;(Bratislava);A;2010-11-21
VOLPI Alice;1992-04-15;17;V;5;4;STAN Isabelle;ROU;146;;F;F;J;(Odense);CHZ;2009-10-31
VOLPI Alice;1992-04-15;18;V;15;7;STANKEVYCH Olga;UKR;164;;F;F;J;(Budapest);A;2011-02-19
VOLPI Alice;1992-04-15;18;V;15;1;STANTSIOU Elissavet;GRE;124;;F;F;J;(Lobnya);CHZ;2010-10-24
VOLPI Alice;1992-04-15;18;V;5;1;STANTSIOU Elissavet;GRE;124;;F;F;J;(Lobnya);CHZ;2010-10-24
VOLPI Alice;1992-04-15;15;V;5;3;STOEGNER Viola;AUT;203;;F;F;J;(Bratislava);A;2007-10-13
VOLPI Alice;1992-04-15;18;V;15;5;STRANIERO Stefania;ITA;5;;F;F;J;(Lobnya);CHZ;2010-10-24
VOLPI Alice;1992-04-15;20;D;13;15;SUGAWARA Chieko;JPN;13;;F;F;S;(Marseille);GP;2012-04-28
VOLPI Alice;1992-04-15;18;D;3;5;SULZER Carolin;GER;128;;F;F;J;(Waldkirch);A;2010-12-04
VOLPI Alice;1992-04-15;17;V;15;5;SUN Jing;CHN;60;;F;F;J;(Baku);CHM;2010-04-06
VOLPI Alice;1992-04-15;15;D;3;5;SUSFAL Malgorzata;POL;87;;F;F;J;(Bochum);A;2007-12-15
VOLPI Alice;1992-04-15;22;V;5;0;SYNORADZKA Martyna;POL;36;;F;F;S;(Gdansk);A;2015-01-16
VOLPI Alice;1992-04-15;19;V;5;4;SYNORADZKA Martyna;POL;28;;F;F;S;(Tauberbischofsheim);A;2012-02-10
VOLPI Alice;1992-04-15;19;V;5;4;SYNORADZKA Martyna;POL;22;;F;F;S;(St-Petersbourg);A;2011-06-05
VOLPI Alice;1992-04-15;19;V;15;11;SYNORADZKA Martyna;POL;22;;F;F;S;(Séoul);GP;2011-05-21
VOLPI Alice;1992-04-15;26;V;5;2;SZALAI Szonja;HUN;127;;F;F;S;Sad);CHZ;2018-06-17
VOLPI Alice;1992-04-15;17;V;5;2;SZELEI Sara;HUN;322;;F;F;J;(Budapest);A;2010-01-05
VOLPI Alice;1992-04-15;22;D;3;5;SZYMCZAK Anna;POL;154;;F;F;S;(Gdansk);A;2015-01-16
VOLPI Alice;1992-04-15;18;V;5;3;TAFFEL Sara;USA;146;;F;F;J;(Lyon);A;2011-02-05
VOLPI Alice;1992-04-15;17;D;1;5;TAFFEL Sara;USA;196;;F;F;J;(Lyon);A;2010-02-07
VOLPI Alice;1992-04-15;16;V;5;3;TAGLIAPIETRA Maddalena;ITA;104;;F;F;S;(Turin);A;2009-03-21
VOLPI Alice;1992-04-15;15;D;10;15;TAGLIAPIETRA Maddalena;ITA;4;;F;F;J;(Bochum);A;2007-12-15
VOLPI Alice;1992-04-15;15;D;8;15;TAGLIAPIETRA Maddalena;ITA;4;;F;F;J;(Bratislava);A;2007-10-13
VOLPI Alice;1992-04-15;18;V;15;8;TALAS Andrea;HUN;113;;F;F;J;(Belgrade);A;2011-03-06
VOLPI Alice;1992-04-15;18;V;15;4;TALAS Andrea;HUN;113;;F;F;J;(Zagreb);A;2011-01-22
VOLPI Alice;1992-04-15;17;D;4;5;TASTET Camille;FRA;166;;F;F;J;(Lyon);A;2010-02-07
VOLPI Alice;1992-04-15;24;D;10;11;TEO Serena;ITA;35;;F;F;S;(Shanghai);GP;2016-06-03
VOLPI Alice;1992-04-15;23;V;15;10;TEO Serena;ITA;35;;F;F;S;Havane);GP;2016-03-11
VOLPI Alice;1992-04-15;22;V;5;2;TERNI Maria Ludmila;ARG;131;;F;F;S;Havane);GP;2015-03-13
VOLPI Alice;1992-04-15;26;V;15;12;THIBUS Ysaora;FRA;6;;F;F;S;(Wuxi);CHM;2018-07-20
VOLPI Alice;1992-04-15;25;V;15;11;THIBUS Ysaora;FRA;6;;F;F;S;(Turin);GP;2017-12-01
VOLPI Alice;1992-04-15;25;V;15;12;THIBUS Ysaora;FRA;5;;F;F;S;(Leipzig);CHM;2017-07-19
VOLPI Alice;1992-04-15;24;D;13;15;THIBUS Ysaora;FRA;5;;F;F;S;(TORUN);CHZ;2016-06-21
VOLPI Alice;1992-04-15;23;D;13;15;THIBUS Ysaora;FRA;5;;F;F;S;(Cancun);A;2015-10-16
VOLPI Alice;1992-04-15;23;V;15;14;THIBUS Ysaora;FRA;11;;F;F;S;(Shanghai);GP;2015-05-15
VOLPI Alice;1992-04-15;21;V;15;8;THIBUS Ysaora;FRA;13;;F;F;S;(Tauberbischofsheim);A;2014-03-14
VOLPI Alice;1992-04-15;20;D;9;15;THIBUS Ysaora;FRA;10;;F;F;S;(Budapest);A;2013-02-08
VOLPI Alice;1992-04-15;19;V;5;3;THIBUS Ysaora;FRA;120;;F;F;S;(St-Petersbourg);A;2011-06-05
VOLPI Alice;1992-04-15;17;V;15;8;THIBUS Ysaora;FRA;14;;F;F;J;(Baku);CHM;2010-04-06
VOLPI Alice;1992-04-15;17;V;15;5;THIBUS Ysaora;FRA;14;;F;F;J;(Lyon);A;2010-02-07
VOLPI Alice;1992-04-15;16;V;15;5;THIBUS Ysaora;FRA;9;;F;F;J;(Belfast);CHM;2009-04-08
VOLPI Alice;1992-04-15;16;D;4;15;THIBUS Ysaora;FRA;9;;F;F;J;(Waldkirch);A;2009-01-25
VOLPI Alice;1992-04-15;17;V;5;3;THOMSON Natasha;GBR;205;;F;F;J;(Bratislava);A;2009-10-11
VOLPI Alice;1992-04-15;16;V;5;0;TOBOLA Dagmara;POL;124;;F;F;J;(Waldkirch);A;2009-01-25
VOLPI Alice;1992-04-15;14;D;2;5;TOTH Anna;HUN;81;;F;F;J;(Budapest);A;2007-01-05
VOLPI Alice;1992-04-15;24;V;15;7;TRAN Flora;FRA;225;;F;F;S;(Cancun);A;2016-10-14
VOLPI Alice;1992-04-15;19;D;4;5;TRAN Flora;FRA;85;;F;F;J;(Zagreb);A;2012-01-21
VOLPI Alice;1992-04-15;25;V;15;14;TRIPAPINA Svetlana;RUS;9;;F;F;S;(St-Maur);A;2017-11-03
VOLPI Alice;1992-04-15;25;V;5;2;TRIPAPINA Svetlana;RUS;9;;F;F;S;(Tbilisi);CHZ;2017-06-13
VOLPI Alice;1992-04-15;19;V;15;11;TRIPAPINA Svetlana;RUS;49;;F;F;J;(Bochum);A;2011-12-03
VOLPI Alice;1992-04-15;18;V;5;4;TRIPAPINA Svetlana;RUS;35;;F;F;J;(Lobnya);CHZ;2010-10-24
VOLPI Alice;1992-04-15;20;V;15;11;TROIANO Sophie;GBR;83;;F;F;S;(Shanghai);A;2012-05-04
VOLPI Alice;1992-04-15;19;V;5;3;TULEN Lola;NED;73;;F;F;J;(Bochum);A;2011-12-03
VOLPI Alice;1992-04-15;19;V;5;2;TULEN Carmel;NED;79;;F;F;J;(Luxembourg);A;2011-11-05
VOLPI Alice;1992-04-15;25;V;5;0;TURCAN Anastasia;MDA;330;;F;F;S;(Tbilisi);CHZ;2017-06-13
VOLPI Alice;1992-04-15;16;V;15;14;UDREA Maria;ROU;10;;F;F;J;(Budapest);A;2009-01-03
VOLPI Alice;1992-04-15;15;V;15;13;UDREA Maria;ROU;14;;F;F;J;(Budapest);A;2008-01-04
VOLPI Alice;1992-04-15;14;D;5;15;UDREA Maria;ROU;38;;F;F;J;(Budapest);A;2007-01-05
VOLPI Alice;1992-04-15;26;D;14;15;UENO Yuka;JPN;48;;F;F;S;(Katowice);A;2019-01-11
VOLPI Alice;1992-04-15;25;V;15;6;VAN ERVEN GARCIA Saskia Loretta;COL;30;;F;F;S;(St-Maur);A;2017-11-03
VOLPI Alice;1992-04-15;20;D;4;5;VAN ERVEN GARCIA Saskia Loretta;COL;24;;F;F;S;(Marseille);GP;2012-04-28
VOLPI Alice;1992-04-15;14;D;3;5;VAN ERVEN GARCIA Saskia Loretta;COL;6;;F;F;J;(Lyon);A;2007-02-04
VOLPI Alice;1992-04-15;16;V;5;2;VAN UITERT Moniek;NED;257;;F;F;J;(Waldkirch);A;2009-01-25
VOLPI Alice;1992-04-15;15;V;5;4;VAN UITERT Moniek;NED;121;;F;F;J;(Bochum);A;2007-12-15
VOLPI Alice;1992-04-15;18;D;4;5;VARDAR Cansu Umay;TUR;168;;F;F;J;(Lobnya);CHZ;2010-10-24
VOLPI Alice;1992-04-15;19;V;5;0;VENTURA Chloe Emelyne;ESP;279;;F;F;J;(Lyon);A;2012-02-04
VOLPI Alice;1992-04-15;22;D;12;15;VEZZALI Valentina;ITA;10;;F;F;S;(Alger);A;2015-02-06
VOLPI Alice;1992-04-15;22;D;7;15;VEZZALI Valentina;ITA;10;;F;F;S;(Gdansk);A;2015-01-16
VOLPI Alice;1992-04-15;16;V;15;11;VIANELLO Valentina;ITA;19;;F;F;J;(Waldkirch);A;2009-01-25
VOLPI Alice;1992-04-15;15;V;5;4;VOSS Lisa;GER;247;;F;F;J;(Waldkirch);A;2008-01-27
VOLPI Alice;1992-04-15;15;V;5;2;VOSS Lisa;GER;247;;F;F;J;(Bochum);A;2007-12-15
VOLPI Alice;1992-04-15;19;V;5;4;WADA Naoko;JPN;169;;F;F;S;(Tauberbischofsheim);A;2012-02-10
VOLPI Alice;1992-04-15;26;V;15;10;WALCZYK Julia;POL;18;;F;F;S;Sad);CHZ;2018-06-17
VOLPI Alice;1992-04-15;25;V;15;9;WALCZYK Julia;POL;17;;F;F;S;(Leipzig);CHM;2017-07-19
VOLPI Alice;1992-04-15;24;V;15;6;WALCZYK Julia;POL;17;;F;F;S;(Cancun);A;2016-10-14
VOLPI Alice;1992-04-15;21;V;5;3;WALZHOFER Nicole;AUT;313;;F;F;S;(Budapest);A;2014-02-07
VOLPI Alice;1992-04-15;22;D;3;5;WANG Chen;CHN;34;;F;F;S;(Shanghai);A;2014-05-02
VOLPI Alice;1992-04-15;20;D;1;5;WANG Chen;CHN;104;;F;F;S;(Tauberbischofsheim);A;2013-03-08
VOLPI Alice;1992-04-15;18;V;15;6;WANG Luona;USA;259;;F;F;S;(Tauberbischofsheim);A;2011-02-11
VOLPI Alice;1992-04-15;18;V;15;10;WANG Luona;USA;40;;F;F;J;(Lyon);A;2011-02-05
VOLPI Alice;1992-04-15;20;V;15;2;WEISS Kim;AUT;257;;F;F;S;(Tauberbischofsheim);A;2013-03-08
VOLPI Alice;1992-04-15;18;V;5;1;WEISS Kim;AUT;37;;F;F;J;Morte);CHM;2011-04-01
VOLPI Alice;1992-04-15;14;D;4;5;WILLETTE Doris;USA;23;;F;F;J;(Jesi);A;2006-11-25
VOLPI Alice;1992-04-15;18;V;5;1;WILTSHIRE Laura Jane;GBR;288;;F;F;J;(Lyon);A;2011-02-05
VOLPI Alice;1992-04-15;26;D;2;5;WOHLGEMUTH Olivia;AUT;47;;F;F;S;Sad);CHZ;2018-06-17
VOLPI Alice;1992-04-15;23;V;15;11;WOHLGEMUTH Olivia;AUT;52;;F;F;S;(Shanghai);GP;2015-05-15
VOLPI Alice;1992-04-15;22;V;5;1;WOHLGEMUTH Olivia;AUT;52;;F;F;S;(Alger);A;2015-02-06
VOLPI Alice;1992-04-15;18;V;5;3;WOHLGEMUTH Olivia;AUT;28;;F;F;J;(Lobnya);CHZ;2010-10-24
VOLPI Alice;1992-04-15;23;V;15;5;WOJTKOWIAK Malgorzata;POL;115;;F;F;S;(Turin);GP;2015-11-27
VOLPI Alice;1992-04-15;22;V;5;3;WONG Cheryl Ye Han;SGP;87;;F;F;S;(Séoul);GP;2014-04-26
VOLPI Alice;1992-04-15;20;V;15;10;WONG Cheryl Ye Han;SGP;84;;F;F;S;(Gdansk);GP;2013-02-01
VOLPI Alice;1992-04-15;17;V;15;0;WONG Cheryl Ye Han;SGP;106;;F;F;J;Sabbiadoro);A;2009-12-04
VOLPI Alice;1992-04-15;17;V;5;2;WONG Cheryl Ye Han;SGP;106;;F;F;J;(Leszno);A;2009-11-28
VOLPI Alice;1992-04-15;17;V;5;1;WONG Liane Ye Ying;SGP;151;;F;F;J;(Baku);CHM;2010-04-06
VOLPI Alice;1992-04-15;25;V;15;12;YANAOKA Haruka;JPN;97;;F;F;S;(Cancun);A;2017-10-13
VOLPI Alice;1992-04-15;23;V;5;2;YANAOKA Haruka;JPN;59;;F;F;S;(Cancun);A;2015-10-16
VOLPI Alice;1992-04-15;20;V;5;1;YANAOKA Haruka;JPN;309;;F;F;S;(Shanghai);A;2012-05-04
VOLPI Alice;1992-04-15;17;V;5;1;YANAOKA Haruka;JPN;363;;F;F;S;(Leipzig);A;2010-02-20
VOLPI Alice;1992-04-15;19;V;15;11;YASUDA Yuki;JPN;291;;F;F;J;(Bratislava);A;2011-11-19
VOLPI Alice;1992-04-15;18;D;3;5;YASUDA Yuki;JPN;125;;F;F;J;(Zagreb);A;2011-01-22
VOLPI Alice;1992-04-15;22;V;5;2;YEMMI Feriel;ALG;329;;F;F;S;(Alger);A;2015-02-06
VOLPI Alice;1992-04-15;20;V;5;3;YIN Zhu;CHN;176;;F;F;S;(Séoul);GP;2012-05-19
VOLPI Alice;1992-04-15;18;V;5;3;YOSHIZAWA Chie;JPN;54;;F;F;S;(Turin);A;2011-03-11
VOLPI Alice;1992-04-15;18;V;5;4;YOSHIZAWA Chie;JPN;54;;F;F;S;(Tauberbischofsheim);A;2011-02-11
VOLPI Alice;1992-04-15;19;D;0;0;YUH Hyun-Kyung;USA;321;;F;F;J;(Bratislava);A;2011-11-19
VOLPI Alice;1992-04-15;17;V;5;2;ZACKE Martina;GER;63;;F;F;S;(Leipzig);A;2010-02-20
VOLPI Alice;1992-04-15;26;V;15;6;ZAGIDULLINA Adelina;RUS;34;;F;F;S;(Wuxi);CHM;2018-07-20
VOLPI Alice;1992-04-15;26;V;5;3;ZAGIDULLINA Adelina;RUS;34;;F;F;S;Sad);CHZ;2018-06-17
VOLPI Alice;1992-04-15;24;D;13;15;ZAGIDULLINA Adelina;RUS;16;;F;F;S;(Gdansk);A;2017-02-03
VOLPI Alice;1992-04-15;24;V;15;7;ZAGIDULLINA Adelina;RUS;16;;F;F;S;(Alger);A;2017-01-13
VOLPI Alice;1992-04-15;24;D;12;15;ZAGIDULLINA Adelina;RUS;16;;F;F;S;(St-Maur);A;2016-11-04
VOLPI Alice;1992-04-15;23;V;15;14;ZAGIDULLINA Adelina;RUS;19;;F;F;S;(Turin);GP;2015-11-27
VOLPI Alice;1992-04-15;23;V;15;13;ZAGIDULLINA Adelina;RUS;19;;F;F;S;(Cancun);A;2015-10-16
VOLPI Alice;1992-04-15;23;V;15;13;ZAGIDULLINA Adelina;RUS;23;;F;F;S;(Baku);NF;2015-06-24
VOLPI Alice;1992-04-15;22;V;5;3;ZAGIDULLINA Adelina;RUS;23;;F;F;S;(Alger);A;2015-02-06
VOLPI Alice;1992-04-15;21;V;15;5;ZAGIDULLINA Adelina;RUS;87;;F;F;S;(Séoul);GP;2013-04-27
VOLPI Alice;1992-04-15;19;V;15;11;ZAGIDULLINA Adelina;RUS;6;;F;F;J;(Porec);CHZ;2012-03-01
VOLPI Alice;1992-04-15;19;V;15;10;ZAGIDULLINA Adelina;RUS;6;;F;F;J;(Zagreb);A;2012-01-21
VOLPI Alice;1992-04-15;19;V;15;8;ZAGIDULLINA Adelina;RUS;6;;F;F;J;(Bochum);A;2011-12-03
VOLPI Alice;1992-04-15;22;V;5;1;ZAMBO-GOLYA Fruzsina;HUN;342;;F;F;S;(Gdansk);A;2015-01-16
VOLPI Alice;1992-04-15;22;V;5;2;ZAMBO-GOLYA Fruzsina;HUN;148;;F;F;S;(Marseille);GP;2014-05-23
VOLPI Alice;1992-04-15;21;V;5;2;ZAMBO-GOLYA Fruzsina;HUN;148;;F;F;S;(Gdansk);GP;2014-01-31
VOLPI Alice;1992-04-15;16;D;3;5;ZAMBO-GOLYA Fruzsina;HUN;60;;F;F;J;Sabbiadoro);A;2008-12-05
VOLPI Alice;1992-04-15;22;V;5;1;ZEISS Madison;USA;98;;F;F;S;(Turin);GP;2014-11-28
VOLPI Alice;1992-04-15;22;D;11;15;ZEISS Madison;USA;98;;F;F;S;(Cancun);A;2014-10-17
VOLPI Alice;1992-04-15;23;V;5;4;ZHANG Yixin;CHN;405;;F;F;S;(Shanghai);GP;2015-05-15
VOLPI Alice;1992-04-15;20;D;3;5;ZHANG Yixin;CHN;313;;F;F;S;(Shanghai);A;2012-05-04
VOLPI Alice;1992-04-15;17;V;5;1;ZIZZO Giorgia;ITA;142;;F;F;J;Sabbiadoro);A;2009-12-04
VOLPI Alice;1992-04-15;14;V;5;0;ZSARI Noemi;HUN;22;;F;F;J;(Jesi);A;2006-11-25
VOLPI Alice;1992-04-15;17;V;5;1;ZUPPINGER Claire;CRC;131;;F;F;J;Sabbiadoro);A;2009-12-04
